,0,1,2,3,4,5,6,7,8,9
0,-0.0,-0.0,0.0,-0.0,-0.0,-0.0,-0.0,-0.0,-0.0,-0.0
1,0.0,-0.0,-0.0,0.0,0.0,0.0,0.0,-0.0,-0.0736752005853,-0.0
2,-0.0,-0.0,0.0,0.0,0.0,0.0,-0.0,-0.0,-0.0,-0.0
3,0.0,-0.0,-0.000198873038118,-0.0,0.0,0.0,0.0,-0.0,0.752957050509,-0.0
4,-0.0,-0.27312601766,-0.0,-0.0,-0.0,-0.0,-0.0,0.0,0.0,0.0
5,0.0,-0.0,0.0,0.0,-0.0,-0.0,0.0,0.0,-0.0,-0.0
6,-0.0,-0.0,-0.0,0.0,0.0,-0.0,-0.0,-0.0,-0.0,-0.0
7,0.0,0.0,0.666481757319,0.0,0.0,0.0,0.0,-2.2237028483,-0.0,-0.0
8,0.0,-0.0,-0.0,0.0,-0.0,0.0,0.0,-0.0,0.0,-0.0
9,0.0,0.0,0.0,0.0,0.0,-0.0,0.0,-0.785156305988,0.0,-0.0
10,-0.0,-0.0,0.0,-0.0,0.0,-0.0,0.138325897787,0.651761564963,0.0,-0.0
11,-0.0,-0.0,-0.0,-0.0,-0.0,-0.0,0.0,-2.06028606798,0.0,-0.664777998526
12,-0.0,-0.0,-0.0,-0.0,0.0,0.0,0.0,0.0,-0.0,0.0
13,0.0,0.0,-0.0,-0.0,0.0,0.0,0.886864724419,-0.405829549698,-0.0,0.0
14,0.0,1.6650085802,-0.0,0.0,0.0,-0.0,0.0,0.894324265925,0.0,0.0
15,0.0,-0.0,-0.0,0.0,0.0,0.0,-0.0,0.301868001421,-0.0,-1.92501659376
16,0.0,-0.0,-0.0,0.0,-0.0,-0.0,0.912145459566,0.0,-0.0,0.0
17,-0.0,-0.0,-0.0,1.08574782759,0.0,-0.0,-0.0,0.0,0.0,0.0
18,0.0,-0.186944053589,-0.0,0.0,0.200289563518,0.0,-0.0,-0.0,0.0,0.0
19,0.0,0.0,-0.0,-0.0,0.0,-0.0,0.0,-0.0,0.0,-0.0
20,-0.0,-0.0,-0.0,-0.0,0.0,0.0,0.0,-0.0,0.0,-0.0
21,-0.0,-0.0,0.0,0.0,0.0,0.0,-0.949851980308,-0.593015031574,0.0,0.0
22,-0.0,-0.0,-0.0,-0.0,0.0,-0.0,0.0,-0.679184336615,0.0,-0.0
23,0.0,-1.15203088425,-0.0,-0.0,0.0,-0.0,0.0,-0.0,-0.0,0.0
24,0.0,-0.0,-0.0,-0.0,-0.0,-0.0,-0.0,-1.06856578167,0.0,0.0
25,0.0,0.0,0.0,0.0,1.6977165073,0.0,0.0,-0.0,0.0,-0.0
26,0.0,0.0,-1.10028690574,-0.0,0.0,0.0,-0.0645145173329,-0.0,-0.0,1.10828446797
27,0.0,0.0,0.0,0.0,-0.0,0.0,0.0,0.0,0.0,-0.0
28,-0.0,0.0,0.0516378775536,-0.0,0.0,0.0,-0.0,0.0,0.0,-0.0
29,0.0,0.0,-0.0,-0.0,-0.0,0.0,0.0,0.0,0.0,-0.839750136903
30,-0.0,-0.0,-0.0,-0.0,0.0,-0.0,0.0,-0.0,-0.0,0.0
31,-0.0,0.0,0.0,0.0,-0.0,-0.0,0.0,0.0,0.0,-0.0
32,0.0,-0.0,0.0716145920365,-0.0,-0.0,-0.0,0.0,0.0,0.0,-0.0
33,0.0,0.664622272747,-0.268859819492,0.0,-0.0,-0.0,-0.0,-0.0,-0.0,0.668793592598
34,0.0,-0.0,-0.0,0.0,-0.0,-0.0,-0.0,-0.0,0.0,-0.0
35,0.0,-0.0,-0.0,-0.0,-0.0,-0.0,0.0,-0.0,0.0,0.0
36,-0.0,0.0,0.0,-0.0,0.0,0.0,-0.0,-0.0,0.347067719161,0.0
37,-0.0,0.0,-0.0,0.0,0.0,-0.0,-0.0,0.0,0.0,-0.0
38,0.0,-0.0,-0.0,0.0,-0.0,0.0,0.0,0.0,0.0,-0.0
39,0.0,-0.0,-0.0,-0.0,0.0,0.0,0.0,0.0,-0.0,-0.906169829911
40,-0.0,-0.0,0.0,0.0,-0.0,-0.0,0.0,-0.632344475844,0.0,1.26745662481
41,0.0,0.0,0.0,0.0,-0.0,0.0,0.0,-0.0,-0.0,0.0
42,-0.0,0.0,-0.0,0.0,0.0,-0.0,-0.0,-0.0,0.0,0.0
43,-0.0,-0.566725045462,-0.0,0.0866203372019,0.0,-0.0,-0.0,0.0,-1.31839979184,-0.0
44,-0.0,0.0,0.0,-0.0,0.0,0.0,0.0,0.0,-0.0,0.0
45,0.0,-0.0,-0.0,0.0,-0.529303949368,-0.0,1.00740682445,-0.0,-0.0,0.0
46,-0.0,-0.0,-0.0489158491195,-2.00071546715,-0.0,0.0,0.0,-0.0,-0.0,-0.0
47,-0.0,0.0,0.0,0.0,0.0,0.0,0.0,-0.0,0.0,-0.0
48,-0.0,0.0,0.0,0.0,0.0,0.0,-0.0,-0.0,-0.0,-0.439645467995
49,-0.0,0.0,0.0,-0.0,0.0,-0.0,0.0,-0.0,0.0,-0.0
50,-0.0,0.0,0.0,-0.0,-0.0,-0.0,0.0,0.0,0.0,-0.0
51,0.0,0.0,0.0,0.0,-0.0,-0.0,0.0,-0.0,-0.0,0.0
52,-0.0,0.0,-0.0,0.0,-0.0,-0.0,0.0,0.403888770257,0.0,0.0
53,0.0,-0.0,-0.0,-0.0,-0.0,0.0,0.0,0.0,-0.0,0.0
54,-0.0,-1.31340229589,0.0,0.0,0.0,0.0,0.0,-0.0,1.86636511961,-0.0
55,-0.0,0.0155041566293,-0.0,0.0,0.0,-0.0,-2.95642745297,0.0,-0.0,-0.0
56,-0.0,-0.0,-0.0,-0.0,-0.0,0.0,0.0,0.0,-0.0,-0.0
57,0.0,-0.0,-0.0,-0.0,0.0,-0.0,-0.610538970325,-0.0,-0.0,-0.0
58,0.0,0.0,-0.0,0.0,-0.0,0.0,0.0,0.0,0.0,0.0
59,0.0,-0.0,0.0,0.0,-0.0,0.0,0.0,0.0,-0.0,0.0
60,-0.0,-0.0,-0.0,0.0,-0.0,-0.0,0.0,0.0,0.0,1.18165760316
61,-0.0,-0.0,-0.0,-0.0,1.45656653958,0.0,-0.0,0.0,0.0,-0.0
62,0.0,-0.0,-0.0,0.0,-0.0,-0.0,0.682653331939,-0.0,-0.0,0.0
63,0.0,0.0,0.0,-0.0,-0.0,-0.0,-0.0,0.502882077098,0.0,-0.0
64,-0.0,0.0,-0.0,-0.0,0.0,-0.0,-1.13565514267,0.0,0.0,0.0
65,0.0,0.0,-0.0,-0.0,0.0,0.0,-0.0,0.0,-0.538525016517,0.711064437152
66,-0.0,-0.0,0.459726878003,0.0,0.0,-0.0,0.0183631445591,-0.0,0.0,-0.0
67,-0.0,-0.0,0.0,0.0,0.0,0.0,0.0,0.0,0.0,0.0
68,0.0,0.0,0.0,-0.0,-0.0,0.0,0.0,-0.0,0.0,0.0
69,0.0,-0.0216096168805,0.0,-0.0,-0.0,-0.0,1.96785623001,-0.0,-0.0,0.0
70,-0.0,0.0,0.0,-0.0,0.0,-0.0,-0.0,-0.0,-0.0,0.0
71,0.0,-0.0,-0.0,-0.0,0.0,-0.0,0.0,0.0,0.0,0.0
72,-0.0,-0.0895924809703,-0.0,0.0,-0.0,0.0,0.0,-0.0,-0.0,0.0
73,0.0,1.88393731193,0.0,-0.0,0.0,0.0,-0.0,-0.383208153565,0.0,0.0
74,-0.0,-0.0,-0.197736670913,-0.0,0.0,0.0,-0.0,-0.0,-0.0,-0.0
75,-0.0,-0.0,-0.0,-0.0,-1.86156135617,0.0,-0.0,0.0,0.0,0.0
76,-0.0,-0.0,0.0,-0.0,0.0,0.0,0.0,-0.0,0.0,-0.898452931829
77,0.0,-0.0,0.0,-0.0,0.0,0.0,-0.272553095481,-0.0,0.0,0.0
78,0.0,0.0,0.0975227037175,-0.0,-0.0,-0.0,0.0,-1.59461366872,-0.0,0.0
79,0.0,-0.519228281502,-0.0,0.0,-0.0,0.0,0.278125720307,-0.0,-0.0,0.0
80,0.0,-0.0,-0.0,-0.0,-0.0,-0.0,-0.0,-0.413447560169,-0.0,0.0
81,-0.0,0.0,0.0,-0.0,0.0,-0.0,0.0214926549004,0.0,-0.0,-0.0
82,-0.0,-0.0,-0.0,0.0,-0.0,-0.0,0.0,0.0,-0.0,-0.0
83,0.0,-0.0,-0.0,0.0,0.0,0.0,-0.0,-0.0,0.0,-0.0
84,0.0,0.0,-0.0,-0.0,0.0,-0.0,-0.975047250617,0.208510026124,0.0,-0.0
85,-0.0,-0.0,-0.0,-0.0,-0.0,-0.0,-0.0,-0.0,0.0,0.0
86,-0.0,0.0,-0.0,0.0,-0.0,-0.0,-0.0,0.922621559234,0.0,-0.0
87,-0.0,-0.0,-0.0,0.0,-0.3008758563,0.0,-0.0,-0.0,-0.0,-0.280483483106
88,0.0,0.731921733313,-0.0,-0.0,0.0,-0.0,-0.498450793264,-0.0,0.0,-0.0
89,-0.0,-0.0,-0.0,-0.0,-0.0,-0.0,0.0,-0.0,-0.0,0.0
90,0.0,0.0,-0.0,-0.0,0.0,0.0,-0.0,-0.0,-0.0,0.0
91,0.0,-0.0,-0.0,0.0,0.0,0.0,0.0,-2.05360894541,-0.0630032611635,-0.503247708956
92,0.0,-0.0,0.0,-0.0,0.0,0.0,-0.0,-0.0,0.0,0.0
93,0.0,0.0,0.0,0.0,-0.0,0.0,0.0,0.0,0.0,-0.0
94,-0.0,-0.0,-0.0,-0.0,-0.0,0.0,-0.0,0.0,-0.0,-0.0
95,-0.0,0.0,-0.0,0.0,-0.0,0.0,-0.0,0.0,-0.0,-0.0
96,-0.0,-1.7167684951,-0.0,0.0,0.528668372416,-0.0,0.0,-0.0,0.0,-0.0
97,-0.0,0.0,0.0,-0.0,-0.0,0.0,-0.0,0.640942212638,0.0,0.0
98,0.0,-0.819349847039,0.0,-0.0,-0.0,0.0,-0.0,-0.0,0.0,-0.0
99,0.0,0.0,-0.0,0.0,-0.0,0.0,-0.0,-0.0,0.0,-0.0
100,-0.0,-0.0,0.0,-0.0,-0.393846679596,0.0,0.0,0.0,0.118487326169,-0.0
101,-0.0,-0.0,-0.0,-0.0,-0.0,-0.0,2.47277576745,0.0,0.0,-0.0
102,0.0,-0.0,-0.0,-0.0,-0.0,0.0,0.0,-0.0,0.0,0.873839333494
103,-0.0,0.0,0.0,-0.0,-0.0,-0.0,-0.101315096985,-0.0,-0.0,0.0
104,-0.0,-0.0,0.0,-0.0,-0.0,0.0,-0.0,-0.0,0.0,0.0
105,-0.0,0.0,0.0,0.0,0.0,0.0,0.0,-0.0,0.0,-0.0
106,-0.0,1.08940831866,1.56749611016,-0.0,-1.45439552566,-0.0,-0.0,-0.0,-0.0,0.0
107,0.0,-0.0,0.0,-0.0,0.0,-0.0,0.273649648753,0.0,0.0,1.15288710971
108,-0.0,-0.0,-0.0,1.03241077674,0.0,-0.0,0.0,0.0,1.40152122267,-0.0
109,0.0,0.0,-0.0,-0.0,-0.0,0.0,0.0,-0.0,0.0,0.0
110,0.0,-0.0,-0.0,-0.0,-0.0,-0.0,0.0304484513697,-0.0,-0.0,0.0
111,-0.0,-0.0,0.0,-0.0,0.0,-0.0,-0.0,-0.0,-0.0,-0.0
112,0.0,-0.0,-0.0,0.0,0.0,0.0,-0.0,1.41858962759,-0.0,-1.34574513897
113,-0.0,-0.0,0.0,0.0,-0.0,-0.0,0.0,-0.507734463534,-0.0,-0.0
114,-0.0,-1.60703733614,1.88327337367,0.0,0.0,0.0,0.0,-0.0,0.0,-0.0
115,-0.0,-0.0,-0.0,-0.0,0.463371139452,-0.0,0.0,-0.648225715529,-0.0,-0.0
116,-0.0,-0.0,0.0,0.0,-0.0,0.0,-0.0,-0.0,-0.0,-0.0
117,0.0,0.0,0.0,-0.0,-0.0,0.0,-0.0,0.0,0.0,0.0
118,-0.0,0.0,-0.489295645324,-0.0,0.0,0.0,0.0,0.0,0.0,-0.0
119,0.0,-0.0,0.0,-0.0,-0.0,0.0,0.0,-0.0,-0.0,-0.0
120,-0.0,0.0,-0.0,0.0,0.0,0.0,0.0,0.0,0.279862909822,0.0
121,0.0,0.0,0.0,0.0,-0.0,-0.0,0.0,0.0,0.0,-0.0
122,-0.0,0.0,-0.0,-0.0,0.0,-0.0,-0.0,-0.0,-0.0,0.0
123,-0.0,0.0,-0.0,-0.0,0.0,0.0,0.0,0.0,0.0,0.0
124,-0.0,0.0,0.585542123408,0.0,-0.545795363966,0.0,-0.0,0.711100909889,-0.0,-0.0
125,-0.0,-0.0,0.0,-0.0,-0.0,-0.0,0.0,-1.06702270229,-0.0,-0.0
126,0.0,-0.0,-0.0,0.0,-0.0,-0.0,0.0,-0.0,-0.0,0.0
127,-0.0,-0.0,-0.0,-0.466429939285,0.0,-0.0,0.0,-0.0,-0.0,0.0
128,0.0,-0.0,0.0,0.0,0.0,0.0,0.0,0.0,0.0,0.0
129,-0.0,0.353230607614,-0.0,-0.0,-0.0,-0.0,-0.0,0.0,0.0,0.0
130,0.0,0.800995057068,-0.0,0.0,0.0,-0.0,0.0,1.43279330362,-0.336977606592,-0.0
131,0.0,-0.0,0.0,1.07620466833,-0.0,0.0,-0.0,-0.0,0.0,0.0
132,0.0,0.161572647195,-1.17226517089,0.0,0.0,0.0,0.0,0.0,0.0,-0.0
133,-0.0,-0.0,0.0,-0.0,-0.0,0.0,0.0,0.0,0.0,-0.0
134,-0.0,0.0,-0.0,-0.0,0.0,0.0,-0.0,0.0,-0.0,-0.0
135,-0.0,-0.0,-0.0,0.0,0.0,-0.0,-0.0,-0.0,-0.0,-1.00258582524
136,-0.0,-0.0,0.0,-0.0,-0.0,0.0,-0.0,0.0,-0.0,0.0
137,0.0,-0.0,-0.0,0.0,-1.36434021002,0.0,0.0,0.0,0.44469479586,0.0
138,-0.0,-0.0,-0.0,0.0,-0.0,-0.0,0.0,1.08320658712,0.0,1.19115603666
139,0.0,0.0,-0.0,0.0,-0.0,0.0,0.393905981278,0.723848581414,0.0,-0.0
140,-0.0,0.0,-0.0,-0.0,-0.0,0.0,0.0,0.0,-0.0,0.0
141,0.0,0.0,-0.0,-0.0,0.0,-0.0,-0.0,0.288851645037,-0.0,-0.0
142,0.0,0.0,0.0,-0.0,-0.0,-0.0,-0.0,0.0624036027647,0.0,-0.0
143,-0.0,-0.0,0.0,-0.0,0.0,-0.0,0.0,-0.0,0.0,0.0
144,-0.0,0.0,0.0,-0.0,1.15647791389,0.0,0.0,1.43995493331,-0.0,-0.0
145,-0.0,0.0,0.0,0.0,-0.0,0.0,-0.0,-0.889223705897,0.0,-0.0
146,-0.0,0.0,-0.0,-0.0,0.0,0.0,0.0,0.0,0.0,0.0
147,0.0,-0.0,-0.0,-0.0,-0.0,0.0,0.0,-0.0,0.0,0.0
148,0.0,1.19291054503,-0.0,-0.0,-0.0,-0.0,-0.0,0.0,-0.0,-0.0
149,0.0,-0.0,-0.0,0.0,-0.0,-0.0,-0.0,-0.0,-0.0,-0.0
150,-0.0,0.0,-0.0,-0.0,-0.0,0.0,0.0,0.0,0.0,-0.0
151,-0.0,0.0,0.0,0.0,-0.27643326258,-0.0,-0.922561901821,-0.0319529996904,-0.859311238367,-0.872903690243
152,0.0,-0.240457075355,-0.0,-0.220160535154,-0.0,0.0,-0.0,1.13779544151,-0.0,0.0
153,0.0,-0.0,0.0,0.0,0.522930298034,-0.0,1.307658709,0.978323250089,-0.0,-0.0
154,-0.0,-0.0,0.0,-0.0,-0.0,-0.0,0.0,0.0,-0.0,0.0
155,0.0,-0.0,-0.0,-0.0,0.0,0.0,-0.0,-1.25870645977,-0.0,-0.0
156,0.0,0.0,-0.0,0.0,0.0,-0.0,0.0,0.0,-0.0,0.0
157,-0.0,0.0,-0.0,-0.0,-0.0,0.0,0.0,0.0,3.18933533172,-0.0
158,0.0,0.0,-0.0,-0.0,0.0,0.0,0.0,0.0,-0.0,0.0
159,-0.0,-0.0,-0.0,-0.0,0.0,-0.0,0.0,-0.0,0.162279414038,0.392931283022
160,-0.0,0.0,0.0,-0.0,0.0,-0.0,0.0,0.0,0.0,0.0
161,0.0,0.0,-0.0,-0.0,0.0,0.0,0.0,-0.0,-0.0,0.0
162,-0.0,-0.0,-0.0,-0.0,0.0,0.0,-0.0,-0.0,-0.0,-0.0
163,0.0,-0.0,-0.0,0.0,-0.0,-0.0,-0.0,-0.0,0.0,-0.0
164,0.0,0.0,-0.0,-0.0,-0.0,0.0,-0.0,1.46121257542,-0.0,0.0
165,0.0,0.0,0.0,-0.0,-0.0,-0.0,0.309302867727,-0.0,0.0,0.0
166,-0.0,0.0,0.0,-0.0,-0.0,0.0,0.0,-0.0559512577053,0.0,-0.0
167,-0.0,-0.0,-0.0,-0.0,0.0,-0.0,0.0,0.0,-0.0,-0.0
168,0.0,0.0,-0.0,0.0,-0.0,-0.0,0.0,0.0,-0.0,-0.0
169,-0.0,-0.0,0.0,0.0,0.0,0.0,-0.0,-0.881109916597,0.0,0.0
170,0.0,0.0,-0.0,-0.0,0.0,0.0,0.0,-0.0,0.0,0.0
171,-0.0,0.0,-0.0,0.0,-0.0,0.0,-0.0,-0.0,-0.0,0.0
172,-0.0,0.0,0.0,-0.0,-0.3511600812,0.0,-0.0,0.0,0.0,0.0
173,0.0,-0.0,0.0,0.0,0.0,0.0,-1.30600081678,0.0,0.0,-0.0
174,-0.0,0.0144094257491,0.0,-0.0,0.0,-0.0,0.0,0.0,0.0,-0.0
175,-0.0,-0.0,0.0,0.0,-0.0,0.0,-0.0,-1.4652779526,-0.0,-0.0
176,0.0,0.0,0.66224644625,0.0,0.0,0.0,-0.428333496382,-0.0,-0.0,-0.651510660588
177,-0.0,0.854184214746,0.256389746388,-0.0,-0.0,-0.0,0.0,-0.0,-0.414419951756,0.0
178,-0.0,-0.0,-0.0,0.0,0.0,0.0,0.0,2.49755649482,0.0,-0.0
179,-0.0,-0.0,-0.0,-0.0,0.0,-0.0,0.0,0.0,-0.0,0.0
180,-0.0,-0.0,-0.0,0.0,-0.0,0.0,-0.0,0.0,0.0,-0.0
181,-0.0,0.0,0.0,-0.0,-0.0,-0.0,-0.0,0.0,0.0,-0.796765369191
182,-0.0,0.0,-0.0,-0.0,0.0,0.0,-0.0,-0.0,-1.65125718716,0.0
183,0.0,0.0,0.0,0.0,0.0,0.0,0.0,-0.0,-0.0,0.0
184,-0.0,-0.0,-0.0,0.0,-0.0,-0.0,-0.0,-0.0,0.0,0.0
185,-0.0,0.0,0.0,0.0,-0.656898980739,-0.0,1.15527075202,0.0,-0.0,-0.0
186,0.0,-0.0,-0.0,-0.0,0.0,-0.0,-0.0,0.0,-0.0,0.0
187,0.0,0.0,0.0,0.0,-0.0,0.0,0.0,0.0,-0.0,0.533478874933
188,0.0,-0.0,-0.0,-0.0,0.0,-0.0,-0.0,0.0,0.0,0.0
189,0.0,-0.0,0.0,-0.0,-0.0,-0.0,-0.0,0.0,0.0,-0.0
190,-0.0,-0.0,0.789971546031,-0.0,0.0,0.0,0.0,0.0,0.0,-0.0
191,-0.0,-0.518809085803,-0.0,-0.0,0.0,0.0,0.0,0.0,-0.0,0.0
192,0.0,-0.0,-0.0,-0.0,0.0,0.0,0.0,1.02270039255,0.0,0.0
193,0.0,0.0,1.46763201458,-0.692471050159,0.0,0.0,-0.383614420635,0.0,0.0,0.0
194,-0.0,-0.0,-0.0,0.0,-0.0,-0.0,-0.0,-0.0,-0.0,-0.0
195,0.0,0.0,-0.0,0.0,-0.0,0.0,-0.0,0.0,-0.0,-0.0
196,0.0,-0.0,-0.0,-0.0,-0.0,-0.0,0.0,-1.26277545435,-0.0,0.0
197,-0.0,0.0,-0.0,-0.0,-0.0,-0.0,0.0,0.0,0.0,-0.0
198,0.0,0.0,0.0,-0.0,-0.0,0.0,-0.0,0.0,0.0,-0.0
199,-0.0,-0.0,0.0,-0.0,-0.0,0.0,0.241149225507,0.0,0.0,-0.491040868963
200,-0.0,-0.0,0.0,0.0,0.0,-0.0,0.0,0.0,0.0,-0.0
201,-0.0,0.0,-0.0,-0.0,-0.0,0.0,-2.65404532441,-0.0,0.0,-0.0
202,-0.0,0.221195846913,-0.0,0.0,0.0,0.0,0.0,-0.0,0.0,0.0
203,-0.0,-0.0,0.0,-0.0,-0.0,0.0,0.0,-0.0,0.0,-0.0
204,-0.0,0.0,-0.0,-0.0,-0.0,0.0,0.54508505807,0.0,0.0,0.0
205,0.0,-0.0,-0.0,-0.0,0.0,0.0,-0.0,0.0,-0.0,-0.0
206,0.0,0.0,-0.0,-0.0,-0.0,-0.0,0.0,-0.0,-0.0,-0.114041670299
207,0.0,0.0,0.0,-0.405471506407,0.0,-0.0,-0.0,-0.0,-0.0,-0.0
208,0.0,0.0,0.0,0.0,-0.0,-0.0,0.0,-0.0,-0.0,0.0
209,0.0,0.0,0.0,0.320125478295,0.0,0.0,-1.45129016376,-0.0,0.0,0.0
210,0.0,-0.0,-0.0,-0.867015601352,0.0,-0.0,0.0,-0.0,-0.0326838001094,0.0
211,0.0,-1.52225338895,-0.0,0.737685492381,0.0,-0.0,0.0,0.0,0.0,-0.0
212,-0.0,0.0,-0.0,0.0,0.0,0.0,0.0,0.0,0.0,0.542444353444
213,0.0,-0.0,0.0,-0.0,-0.0,-0.0,-0.0,-0.0,-0.0,-0.0
214,0.0,0.0,0.0,0.0,-0.0,0.0,-0.0,-0.0,-0.0,-0.0
215,0.0,0.383480381272,0.0,-0.0,-0.0,0.0,0.0,0.0,0.0,-0.0
216,0.0,-0.0,-0.0,-0.0,-0.0,0.0,-0.0,0.158264896605,0.0,0.0
217,-0.0,-0.0,0.0,-0.0,-0.0,0.0,0.0,-0.0,0.0,-0.0
218,-0.0,0.0,-0.0,-0.0,-0.0,-0.0,-0.139959519828,-0.600426135404,-0.0,0.0
219,-0.0,0.0,0.0,0.0,-0.0,0.0,0.0,0.0,-0.0,-0.0
220,-0.0,0.0,0.0,-0.0,0.25273313408,-0.0,0.0,-0.0,0.0,0.0
221,-0.0,-0.0,0.0,-0.0,-0.0,-0.0,-0.0,-0.0,0.0,0.0
222,-0.0,-0.0,0.0,0.0,-0.926439485517,0.0,0.0,-0.0,-0.0,0.0
223,0.0,-0.0,0.0,-0.0,-0.0,0.0,-0.0,0.0,-0.0,0.0
224,-0.0,0.0,-0.0,-0.0,0.0,0.0,-0.0,-0.0,0.0,-0.0
225,-0.0,-0.0,0.0,-0.0,0.0,0.0,0.0,0.0,-0.0,0.0
226,0.0,0.0,-0.858613558331,0.0,-0.0,0.0,0.0,0.0256958738158,0.0,0.0
227,-0.0,0.0,0.0,0.0,0.0,-0.0,-0.0,-0.0,-0.0,0.0
228,0.0,0.0,0.0,0.0,0.0,0.0,-0.0,0.0871298536972,0.0,-0.0
229,0.0,0.0,0.0,0.0,0.0,0.0,0.424808093206,0.0,-0.0,-0.0
230,0.0,-0.449475622181,0.0,-0.0,0.0,-0.0,0.739841692568,-0.0,0.0,-0.0
231,0.0,1.54552805748,-0.0,-0.0,-0.0,-0.0,0.0,0.0,-0.0,-0.654979896426
232,-0.0,1.17771236423,0.0,0.431573641509,-0.0,-0.0,-0.0,-0.0159133658988,0.0,-0.0
233,0.0,0.0,-0.0,-0.0,-0.0,-0.0,-0.0,0.0,-0.0,-0.0
234,0.0,0.0,0.0,0.0,0.0,-0.0,-0.0,0.0,0.0,0.0
235,0.0,-0.0,0.0,0.0,0.0,0.0,-0.0,-0.0,0.0,0.0
236,-0.0,0.0,0.0,-0.693321735485,-0.2494013325,-0.0,0.0,-0.0,-0.0,0.0
237,-0.0,-0.0,-0.0,0.0,0.0,-0.0,0.0,0.0,-1.86631648026,0.0
238,-0.0,0.0,0.0,0.0,-0.0,0.0,0.0,0.0,-0.0,0.0
239,-0.0,-0.0,0.0,0.0,-0.0,-0.0,0.0,-0.0,-0.0,-0.0
240,0.0,0.0,-0.0,-0.0,0.0,0.0,-0.0,0.0,0.0,0.0
241,-0.0,-0.0,-0.0,-0.0,0.0,-0.0,-0.0,-0.0,-0.0,-0.0
242,-0.0,-0.0,-0.0,-0.0,0.0,-0.0,-0.0,-0.0,0.0,0.0
243,0.0,0.0,-0.0,-0.0,-0.0,-0.0,0.0,-0.0,-0.0,0.0
244,0.0,0.315408544395,0.0,0.0,0.0,0.0,-0.708765538698,-0.0,0.0,-0.0
245,-0.0,1.12751875726,-0.0,-0.0,-0.0,0.0,0.0,-0.766204362752,-0.988712850214,0.0
246,-0.0,-0.0,0.0,0.0,-0.0,0.0,0.0,0.0,-0.0,0.0
247,0.0,-0.0,0.0,-0.0,0.499892793992,0.0,-0.0,-0.0,-0.0,-0.0
248,-0.0,0.0,0.0,0.0,-0.0,0.0,-0.511771560865,-0.0,0.0,-0.0
249,-0.0,-0.0,-0.0,-0.0,0.0,-0.0,0.250425058606,-0.0,0.0,-0.0
250,-0.0,0.0,0.0,-0.0,-0.0,0.0,0.0,-0.0,-0.0,1.60969817738
251,-0.0,0.0,0.0,0.0,-0.0,0.0,0.0,-0.0,0.0,1.38141668993
252,-0.0,-0.0,-0.0,-0.0,0.0,-0.0,0.0,0.0,-0.0,-0.0
253,-0.0,-0.0,-0.0,-0.0,0.0,-0.0,0.0,0.306099943623,-1.04292912867,-0.0
254,-0.0,0.0,-0.829040404189,0.0,0.0,0.0,-0.0,0.0,0.0,-0.0
255,0.0,0.0,-0.0,0.0,0.0,0.0,0.0,-0.0,0.0,-0.0
256,-0.0,-0.00954708379501,0.0,0.0,-0.0,0.0,-0.0,-0.0,0.0,-0.0
257,-0.0,0.0,0.0,-0.0,-0.0,-0.0,-0.0,0.0,-0.0,-0.0
258,0.0,0.0,0.743130647441,-0.0,-0.0,-0.0,0.0,0.0,-1.22910954326,-0.0
259,-0.0,-0.0,0.0,1.62005271123,0.0,0.0,-0.0,-0.0,-0.0,-0.0
260,0.0,-0.643758576571,0.0,-0.0,0.0,0.0,0.0,-0.593809335497,0.0,-0.0
261,0.0,-0.167797098666,-0.0,0.0,-0.0,0.0,0.0,0.0,0.0,-0.0
262,-0.331580337358,-0.0,-0.0,0.0,-0.0,-0.0,-0.0,0.0,0.0,0.0
263,0.0,0.0,-0.0,-0.0,0.0,-0.0,-0.0,1.05388362735,0.0,0.0
264,-0.0,0.0,0.0,0.0,-0.0,0.0,-0.0,0.0,-0.0,0.0
265,0.0,-0.0,0.0,0.0,0.0,0.0,0.0,0.0,-0.0,0.0
266,-0.0,-0.0,0.0,-0.0,0.0,0.0,-0.0,-0.0,0.0,-0.0
267,-0.0,-0.0,-0.0,-0.0,0.0,-0.0,-0.0,0.0,-0.0,-0.0
268,0.0,0.0,0.0,-0.0,0.0,0.0,-0.785124047985,-0.0,-0.0,0.0
269,0.0,-0.0,-0.0,-0.0,-0.0,-0.0,2.21884756603,-0.0,0.0,0.0
270,-0.0,-0.0,-0.0,0.0,-0.339293325611,0.0,-0.0,0.43123603225,0.0,-0.0
271,0.0,-0.0,-0.0,0.0,-0.0,-0.0,0.422876888548,-0.0,0.0,-1.2818875362
272,0.0,-0.0,-0.0,-0.0,-0.0,0.0,-0.0,-0.146759675267,-0.0,0.0
273,-0.0,-0.722455584719,-0.0,-0.0,0.608056203585,0.0,0.500604872123,-1.73599667844,-1.45424248468,-0.0
274,0.0,-2.37201312952,-0.803121036294,-0.0,0.0,0.0,-0.0,-0.0,0.0,-0.0
275,-0.0,0.0,0.0,0.0,0.0,-0.0,-0.0,0.0,-0.0,1.31804194274
276,0.0,-0.0,-0.0,-0.0,-0.648960419997,-0.0,0.668808427549,0.0,0.0,-0.0
277,0.0,-0.0,-0.0,-0.0,0.0,0.0,-0.0,-0.553387462086,0.0,-0.0
278,-0.0,0.0,-0.0,-0.0,-0.0,0.0,-0.0,0.0,-0.0,-0.0
279,-0.0,0.0,1.61603255535,-0.0,0.0,0.0,0.0,0.0,0.0,-0.0
280,-0.0,-0.0,-1.38584320408,0.0,-0.0,0.0,0.0,0.0,-0.0,0.0
281,-0.0,0.0,0.0,0.0,-0.0,-0.0,0.0,-0.0,0.0,-0.0
282,-0.0,-0.0,0.0,0.0,-0.0,-0.0,0.0,-0.0,-0.0,-0.0
283,0.0,-0.0,-0.0,0.0,1.13958090489,-0.0,0.0,-0.0,0.0,-1.50914197161
284,-0.0,-0.0,-0.0,0.0,-0.0,0.0,0.935805887749,0.0,-0.0,-0.0
285,-0.0,-0.0,0.0,-0.0,0.0,-0.0,0.8522266793,-0.0,0.0,0.0
286,-0.0,0.0,0.0,0.0,-0.0,0.0,0.431342021891,-0.0,1.72128329198,1.53055707722
287,0.0,0.0,0.0,0.0,0.0,0.0,0.0,-0.0,0.0,-0.0
288,-0.0,-0.0,-0.0,-0.0,0.0,-0.0,0.0,0.103138624938,0.0,-0.0
289,0.0,0.0,-0.0,-0.0,0.0,0.0,0.0,-0.540245636013,-0.0,0.0
290,0.0,-0.0,0.0,0.0,0.0,0.0,-0.0,-0.0,0.0,-0.0
291,0.0,-0.0,0.0,0.0,-0.0,0.0,0.0,0.0,0.0,0.0
292,0.0,-0.0,0.0,0.0,-0.0,0.0,-0.0,0.0,-0.0,-0.0
293,0.0,0.0,0.0,0.0,0.0,-0.0,-0.0,0.0,-0.0,0.0
294,0.0,0.0,-0.0,0.0,0.0,0.0,-0.557682441518,-0.0,-0.0,1.28703533059
295,0.0,-0.0,-0.0,0.0,-0.0,0.0,0.241370828617,0.344778349329,0.0,0.0
296,-0.0,0.0,-0.0,0.0,0.0,-0.0,1.03111862821,-0.0,1.56129964875,-0.0569831291907
297,0.0,-0.637655539374,0.0,1.58432799366,0.0,0.0,0.0,-0.0,0.0,0.0
298,0.0,-0.0,0.0,-0.0,-0.0,0.0,0.671143354552,0.0,-0.0,0.0
299,-0.0,0.0,0.0,0.0,0.0,-0.0,0.0,-0.0010037310507,0.0,0.0
300,-0.0,-0.0,-0.0,-0.0,-1.30321114315,0.0,0.406954116276,0.0,-0.0,0.0
301,-0.0,0.0,-0.0,-0.0,0.0,-0.0,0.0,-0.0,-0.0,0.0
302,0.0,0.0,-0.0,0.0,-0.0,0.0,-0.0,-0.415582448673,0.0,0.0
303,0.0,-0.0,-0.0,-0.0,-0.0,-0.0,-0.190937938851,0.0,-0.0,-0.0
304,0.0,-0.328854710504,-0.0,-0.0,0.0,-0.0,-1.32354884613,-0.0,-0.0,0.0
305,-0.0,0.0,0.0,-0.0,-0.0,0.0,-0.0,0.0,-0.0,0.0
306,0.0,0.405680139622,0.0,-0.0,0.176737793268,0.0,0.0,-0.0,0.0,-0.0
307,-0.0,0.0,0.27915314883,-0.0,-0.0,-0.0,-0.0,0.0,0.0,-0.0
308,-0.0,-0.0,0.0,-0.0,0.0,0.0,0.155485903313,-0.0,0.0,-0.0
309,0.0,-0.0,0.0,0.0,0.229633572345,-0.0,0.185334697101,-0.0,0.0,-0.0
310,-0.0,0.0,-0.0,-0.0,-1.95156979464,0.0,-0.632046293076,-0.0,0.0,-0.0
311,-0.0,-0.0,0.0,-0.0,-0.0,0.0,-0.0,0.790515118987,0.0,0.0
312,0.0,-0.819361897655,-0.0,0.0,0.0,0.0,0.0,0.0,-0.0,-0.0
313,0.0,-0.0,-0.0,-0.0,-0.0,0.0,0.0,0.0,-0.0,-0.0
314,-0.0,0.0,-1.00869573579,-1.40210265357,0.155829447523,0.0,-0.0,-0.0,-0.0,-0.0
315,-0.0,-0.0,-0.101872311132,-0.0,-0.0,0.0,-0.0,-0.0,0.0,-0.0
316,-0.0,-0.0,0.0,-0.0,0.0,-0.0,-0.0,0.0,0.0,-0.0
317,0.0,-0.0,0.0,0.0,0.0,-0.0,-0.0,0.0,-0.0,-0.0
318,-0.0,-0.0,-0.0,0.0,0.0,-0.0,0.0,0.0,0.0,0.0
319,0.0,0.0,-0.0,0.0,-0.0,-0.0,0.0,0.0,-0.0,-0.0
320,0.0,0.0,0.0,0.0,0.0,0.0,0.0,-1.29187567011,-0.0,-0.0
321,0.0,0.555714236837,0.0,-0.0,-0.0,-0.0,-0.106104544033,-0.0,-0.0,-0.0
322,0.0,-0.0,0.0,0.0,0.0,0.0,0.33184897818,0.0,0.0,0.0
323,0.0,0.0,0.0,0.0908441645522,-1.37451706927,-0.0,-0.0,-0.0,0.0,0.0
324,-0.0,-0.0,-0.0,-0.0,0.0,0.0,-0.0,-0.0,-0.0,0.0
325,-0.0,0.0,-0.0,-0.0,0.0,-0.0,-0.0,0.0,0.0,-0.0
326,0.0,-0.704716779095,-0.0,-0.0,-0.0,0.0,0.0,0.0,-0.0,1.81183226541
327,-0.0,-0.0,0.0,-0.0,0.0,0.0,-0.0,-0.0,-0.0,0.0
328,0.0,-0.0,0.0,-0.0,0.0,-0.0,-0.0,0.0,0.0,0.0
329,0.0,0.0,0.0,-0.0,0.0,0.0,-0.0,-0.0,0.0,0.0
330,0.0,0.0,0.0,-0.0,0.0,-0.0,0.510186043503,0.0,0.0,-0.0
331,-0.0,0.0,0.0,0.0,-0.0,-0.0,0.431529506599,-0.0,-0.0,-0.0
332,-0.0,0.0,-0.284526392226,-0.0,0.0,-0.0,-0.0,0.0,0.216876906425,0.109540406021
333,0.0,0.853712467294,0.0,0.0,-1.1027959204,0.0,-0.0,-0.0,0.0,0.0
334,0.0,-0.0,-0.0,0.0,0.0,-0.0,-0.0,-0.0,-0.0,-0.0
335,0.0,-0.0,0.0,-0.0,0.0,0.0,0.0,0.278705270641,-0.0,0.0
336,0.0,0.0,-1.70961448259,-1.26273906432,-0.0,0.0,-0.0,0.0,-0.0,-0.0
337,-0.0,1.76925660167,0.0,-1.07046582963,-0.0,0.0,-0.0,0.0,-0.0,0.0
338,0.0,0.0,-0.0,-0.0,-0.0,0.0,-1.12685198936,0.0,0.0,0.0
339,-0.0,0.0,-0.0,0.0,-0.0,-0.0,0.0,0.0,-0.0,-0.0
340,-0.0,0.0,-0.0,-0.893300470558,-0.0,-0.0,0.0,0.0,-0.0,0.0
341,-0.0,0.0,0.0,0.0,-0.0,-0.0,0.0,-0.0,0.0,0.0
342,0.0,0.0,0.0,-1.62532330495,-0.0,0.0,-0.0,0.702440769402,0.0,0.0
343,0.0,0.0,-0.0,0.0,-0.0,0.0,0.0,-0.0,-0.0,-0.0
344,-0.0,-0.0,0.0,0.0,-0.0,0.0,-0.0,0.0,-0.0,0.0
345,-0.0,-0.0,-0.0,-0.0,-0.0,-0.0,0.0,0.0,0.0,-0.0
346,0.0,0.0,-0.0,-0.0,0.0,0.0,-1.43635410894,-0.0,0.0,-0.0
347,-0.0,-2.04816761726,-0.0,0.0,0.0,0.0,0.0,-0.0,0.0,0.0
348,0.0,-0.0,0.0,-0.0,-0.0,-0.0,-0.0,0.0,0.0,-0.0
349,0.0,0.0,-0.522250527445,0.0,-0.0,0.0,-0.0,0.0,0.0,-0.390334444013
350,0.0,0.0,-0.0,-0.0,-0.393735251216,-0.0,0.0,-0.0,-0.0,-0.0
351,-0.0,-0.0,-0.0,0.0,0.0,0.0,-0.0,-0.0,0.0,0.0
352,0.0,0.0,-0.0,0.0,0.0,0.0,0.0,-0.0,-0.0,0.0
353,-0.0,-0.0,-0.0,-0.0,0.0,-0.0,0.0,-0.0,0.0,-0.0
354,-0.0,0.0,0.0,-0.0,0.0,0.0,-0.0,-0.0,0.0,0.0
355,-0.0,0.0,-0.0,0.0,-0.0,0.0,0.0,0.0,0.0,-0.0
356,0.0,-0.0,0.0,0.185659197456,0.0,-0.0,-0.853763763964,2.11443019761,0.0,0.0
357,0.0,-0.0994045347044,0.0,-0.0,-0.0,0.0,0.0,0.0,0.0,-0.648723133262
358,0.0,0.836672375258,-0.0,0.786487270341,0.0,-0.0,0.0,-0.0,-0.418510109143,0.0
359,0.0,-0.298596305203,0.0,-0.0,-0.0,0.0,0.0,0.0,0.0,0.0
360,-0.0,0.0,0.0,0.0,0.0,0.0,0.0630736581232,0.0,-0.0,-0.0
361,0.0,0.0,-0.0,-0.0,0.0,0.0,-0.0,0.0,0.0,0.0
362,0.0,-0.0,-0.0,0.0,-0.377774524769,0.0,0.0,-0.0,0.0,-0.0
363,-0.0,0.58557158559,-0.0,-0.326442465516,0.0,-0.0,0.0,-0.0,0.0,-0.0
364,-0.0,-0.121786617411,-0.0515595270262,-0.0,0.0,0.0,-0.0,-0.0,0.0,-0.0
365,-0.0,-0.0,-0.0,-0.0,0.0,-0.0,0.0,-0.0,0.0,-0.0
366,-0.0,-0.0,0.0,-0.0,-0.0,-0.0,-0.0,0.37355348015,0.0,0.0
367,-0.0,0.0,0.0,-0.0,0.0,0.0,-0.0,-0.0,-0.0,-0.637728070818
368,-0.0,-0.0,-0.0,0.0,0.0,-0.0,-0.0,-0.0,-0.0,0.0
369,-0.0,0.0,-1.76132215367,-0.0,-0.0,0.0,0.0,-0.0,0.0,-0.0
370,0.0,0.0,-1.51690662279,0.0,-0.676191429665,0.0,-0.0,-1.12277460037,0.0,0.0
371,-0.0,0.0,-0.0,-0.0,-0.214416151544,-0.0,0.0,0.0,0.0,0.0
372,0.0,0.625187389482,-0.0,-0.0,-0.0,-0.0,0.0,0.0,-0.0,-0.0
373,-0.0,-0.0,1.37042661785,0.0,-0.0,0.0,0.0,-0.0,-0.0,-0.0
374,0.0,-0.0,-0.0,0.0,-0.0,-0.0,0.0,0.0,-0.0,-0.0
375,0.0,-0.0,-0.0,-0.0,-0.586899921702,0.0,-0.0,-0.0,0.0,0.0
376,-0.0,0.0,-0.806699697028,-0.0,1.58880100663,0.0,-0.0,-0.0,-0.0,0.0
377,-0.0,-0.478434849414,0.0,0.0,0.0,-0.0,-0.0,-0.0,-0.0,0.0
378,0.0,-0.0,0.0,0.0,0.0,0.0,0.0,0.246948140016,-0.0,0.0
379,-0.0,-0.0,-0.0,-0.0,0.0,-0.0,-0.395253397574,0.142036797664,0.0,0.0
380,0.0,0.0,-0.0,-0.0,0.176472662669,0.0,-0.0,1.38823697242,-0.0,-0.0
381,0.0,-0.0,0.0,0.0,0.846602837852,-0.0,0.0,-0.0,0.0,0.0
382,-0.0,-0.0,1.83670965998,-0.0,0.0,-0.0,1.89483249532,-0.0,0.317425065937,0.0
383,0.0,-0.0,0.0,0.0,0.0,0.0,0.0,-0.0,0.0,-0.0
384,0.0,-0.0,-0.0,-0.0,-0.0,-0.0,-0.0,0.0,-0.185720104206,0.0
385,-0.0,-0.0,0.0,-0.0,-0.0,-0.0,0.0,0.0,-0.0,0.0
386,-0.0,-0.0,0.0,0.0,0.0,0.0,0.0,0.0,0.0,0.0
387,-0.0,0.0,0.0,0.0,-0.0,0.0,0.865932829127,0.539117706198,-0.0,-0.0132780142272
388,-0.0,0.0,-0.0,0.0,-0.0,0.0,-0.0,0.0,0.0,0.0
389,0.0,-0.0,-0.0,0.0,-0.0,0.0,0.0,-0.0,0.0,0.0
390,-0.0,0.0,-0.0,0.0,0.0,-0.0,0.0,-0.00868516069292,-0.0,0.0
391,0.0,0.0,-0.0,-0.0,-0.0,-0.0,0.0,-0.0,0.0,0.0
392,-0.0,0.0,-0.0,0.0,-0.0,-0.0,-0.0,0.0,-0.0,0.0
393,-0.0,0.0,0.921823344121,1.31369626849,0.0,0.0,1.09864205786,-0.0,0.0,0.0
394,0.0,0.0,0.0,0.0,-0.0,-0.0,-0.0,0.0,-0.0,0.0
395,-0.0,0.0,-0.0,-0.0,0.0,-0.0,0.635101659411,0.0,-0.36561657126,-0.0
396,0.0,-0.0,0.0,0.0,-0.0,0.0,-2.0211321527,-0.0,-0.0,0.0
397,-0.0,-0.0,-0.0,-0.0,-0.0,0.0,-0.0,0.0,0.0,0.965612510794
398,0.0,-0.0,0.0,-0.329516514114,-0.0,0.0,0.0,0.16891503357,-0.0,0.188637132029
399,-0.0,0.0,0.0,-0.0,-0.0,0.0,0.786877572264,0.0,-0.0,0.275004614308
400,-0.0,0.0,-0.0,-0.0,0.0,0.0,0.0,0.0,0.0,0.0
401,-0.0,0.0,0.0,-0.0,0.0,0.0,0.0,-0.0,-0.0,0.0
402,-0.0,0.0,-0.0,0.0,0.0,-0.0,-0.0,0.0,0.0,-0.0
403,0.0,-0.0,0.0,-0.0,0.0,-0.0,0.0,-0.0,0.0,-0.0
404,0.0,-0.0,-0.0,-0.0,-0.0,0.0,0.0,-0.0,0.0,0.0
405,-0.0,-0.0,-0.0,-0.0,0.875987549739,0.0,-0.0,0.0,0.0,0.0
406,-0.0,0.0,-2.57425991783,0.0,0.0,0.0,-0.920895616573,-0.0,0.0,-0.0
407,-0.0,0.0,0.0,0.0,0.0,0.0,0.345181022015,0.0,0.0,0.0
408,0.0,-0.0,-0.0,-0.0,0.0,-0.0,-0.0,-1.05226856735,-0.0,-0.0
409,-0.0,-0.0,-0.0,-0.0,-0.0,0.0,-0.0,-1.81002350491,-0.0,-0.0
410,-0.0,0.0,0.0,0.0,-0.0,0.0,0.0,0.0,-0.0,0.0
411,0.0,-0.0,0.0,0.0,-0.0,-0.0,-0.0,0.0,-0.474141688656,-0.0
412,0.0,-0.0,-0.0,-0.0,-0.0,0.0,0.0,-0.0,0.0,-0.797740709118
413,0.0,0.0,-0.0,0.0,0.0,-0.0,-0.0,0.0,0.0,0.0
414,0.0,-0.0,-0.0,-0.0,-0.0,0.0,0.0,-0.958257401446,-0.0,-0.0
415,0.0,0.0,-0.863593530746,0.0,-0.0,-0.0,0.0,-0.0,-0.0,0.0
416,-0.0,0.0,-0.0,-0.0,0.0,-0.0,-0.311468894145,0.0,-0.0,0.505929199145
417,0.0,-0.0,-0.0,0.0,0.0,-0.0,0.0,0.4481730683,-0.0,0.0
418,0.0,0.0,0.0,-0.0,-0.0,0.0,1.81968998399,0.439243860604,-0.0,-0.0
419,0.0,-0.0,-0.0,-0.0,-0.0,-0.0,-0.0,0.0,-0.757446642281,0.74422491322
420,0.0,-0.0,0.0,0.0,-0.0,0.0,0.0,0.0,-0.0,0.394544410848
421,0.0,-0.0,0.0,-0.0,0.0,0.0,-0.0,0.351512209177,-0.0,-0.0
422,0.0,-0.0,0.0,-0.0,-0.0,-0.0,0.0,0.39940030951,0.0,-0.0
423,-0.0,-0.0,0.0,-0.0,0.0,-0.0,0.305601169994,-0.0,-0.0,-0.0
424,0.0,0.0,0.0,0.0,-0.0,-0.0,-0.0,0.709148742785,0.0,0.0
425,-0.0,0.0,0.0,0.459320046971,-0.0,-0.0,0.0,-0.494124494257,0.0,-0.0
426,-0.0,0.0,-0.0,-0.0,-0.0,-0.0,0.0,-0.0,0.0,0.0
427,-0.0,0.0,0.32507899192,0.0,-0.0,-0.0,-0.494679047609,-0.0,0.0,0.0
428,-0.0,-0.0,0.0,0.0,0.0,-0.0,-0.0,-0.0,0.0,-0.0
429,0.0,-0.0,-0.0,-0.0,0.0,0.0,-0.0,-0.0,0.0,0.0
430,-0.0,-0.0,0.0,0.0,0.0,0.0,0.0,-0.0,-0.0,0.0
431,0.0,-0.0,0.0,-0.0,0.0,-0.0,-0.0,0.0522903570222,-0.0,0.0
432,-0.0,0.0,-0.0,0.0,0.0,0.0,0.133544558312,0.0,-0.0,0.0
433,-0.0,0.0,-0.0,-0.0,-0.766913209752,0.0,-0.0,-0.0,-0.0,-0.0
434,0.0,0.0,0.0,-0.0,0.0,0.0,0.385240948649,0.0,-0.850024084617,0.0
435,-0.0,-0.0,0.164725939599,0.0,0.0,-0.0,0.0,0.0,0.0,0.0
436,0.0,-0.0,-0.0,0.0,0.0,0.0,-0.0,0.0,0.0,0.177761711318
437,-0.0,0.0,-0.0,0.0,0.0,0.0,-0.0,-0.0,-0.847754479665,0.0
438,-0.891916431824,0.0,0.0,-0.0,-0.0214722707473,-0.0,0.0,0.0,-0.0,0.287314526621
439,-0.0,-0.0,0.0,-0.0,-0.0,0.0,-0.0,0.0,-0.0,0.0
440,0.0,-0.0,0.0,0.0,0.0,-0.0,0.0,-0.0,0.0,0.0
441,-0.0,-0.0,0.0,0.0,0.0,-0.0,0.0,0.84426898522,-0.0,0.0
442,0.0,0.0,0.0,-0.0,0.0,-0.0,-0.513651547009,-0.0,-0.0,0.0
443,-0.0,-0.0,-0.0,0.0,0.310500819259,-0.0,0.0,-0.0,0.0,-0.0
444,-0.0,-0.319006660796,0.0,-0.0,0.0,0.0,-0.0,-0.0,-0.0,-0.0
445,0.0,0.0,-0.0,-0.0,-0.0,-0.0,-0.0,0.0,1.27422313596,0.0
446,0.0,-0.0,0.0,-0.0,-0.0,-0.0,-0.0,-0.0,-0.507030867017,-0.0
447,0.0,-0.0,0.0,-0.0,-0.0,-0.0,-0.0,-0.0,-0.0,0.0
448,0.0,0.0,-0.0,-0.0,-0.0,0.0,0.0,-0.0,0.0,0.0
449,-0.0,0.0,-0.0,-0.0,0.0,0.0,0.0,1.23640839554,-0.0,-0.0
450,0.0,-0.0,0.936903363318,-0.0,0.0,-0.0,0.0,0.765413050057,-0.0,-2.18287864706
451,-0.0,-0.0,-0.0,-0.0,-0.0,0.0,0.0,-0.0,0.0,0.0
452,0.0,-0.079569696101,0.0,-0.0,0.0,-0.0,-0.0,0.0,-0.0,-0.0
453,0.0,-0.0,0.0,-0.0,-0.0,-0.0,-0.0,-0.0,-0.0,0.0
454,0.0,-0.0,-0.357708842456,-0.0,-0.0,0.0,-0.0,-0.0,-0.0,-0.0
455,-0.0,-0.0934383522839,2.3661650219,0.0,0.0,0.0,-0.0,-0.0,0.0,-0.0
456,0.0,0.0,0.0,0.0,-0.0,0.0,0.0,-0.0,0.0,-0.0
457,-0.0,-0.0,-0.0,0.0,0.0,-0.0,-0.0,0.0,-0.0,0.0
458,0.0,0.0,-0.0,-0.0,0.0,0.0,-0.398948195423,-1.07644047782,-0.0,-0.0
459,0.0,-0.0,-0.0,-0.0,0.0,0.0,0.0,0.0,0.0,-0.0
460,0.0,0.0,0.0,0.0,0.0,-0.0,-0.0,-0.0,0.0,0.0
461,-0.0,-0.0,-0.0,0.540364820246,-0.0,-0.0,-0.0,-0.0,0.885667268924,-0.0
462,0.0,0.0,-0.0,0.0,-0.0,-0.0,-0.0,0.0,0.0,-0.0
463,0.0,-0.0,-0.0,-0.0,0.0,0.0,0.0,0.0,-0.0,0.0
464,0.0,-0.0,-0.0,0.0,0.0,-0.0,-0.0,0.0,-0.551929152153,-0.0
465,-0.0,0.0,0.0,-0.0,0.0,-0.0,0.0,0.711151088851,0.0,0.0
466,-0.0,0.0,-0.0,0.0,0.0,-0.0,-0.0,-0.0,-0.0,-0.0
467,-0.0,0.0,0.0,-0.0,0.0,0.0,-1.52159623273,0.0,0.0,0.0
468,-0.0,0.0,0.0,0.0,0.0,0.0,0.0,0.0,-0.0,-0.0
469,-0.0,0.0,-0.0,0.0,-0.0,-0.0,-0.0,0.0,-0.0,-0.0
470,0.0,-0.0,0.0,-0.0,0.383612427076,-0.0,-0.0,0.4400456902,0.0,0.0
471,-0.0,-0.0,0.0,0.0,-0.0,-0.0,0.0,-0.0,0.0,-0.0
472,0.0,0.0,-1.8551597,0.0,0.0,0.0,-0.0,-0.0,-0.0,0.818163406701
473,0.0,0.727685895873,0.0,0.0,-0.0,0.0,-0.0,-0.0,-0.0,0.0
474,-0.0,0.0,0.0,0.0,-0.0,-0.0,0.0,0.0,0.0,1.28500049888
475,-0.0,-0.0,-0.0,0.375578675181,-0.0,-0.0,-0.531540404792,0.0,-0.0,0.401691986709
476,0.0,-0.31239345051,0.832274474447,-0.0,0.0,-0.0,0.0,0.0,-0.0,-0.0
477,-0.0,0.0,-0.0,0.0,-0.0,-0.0,1.00631460106,0.0,-0.0,0.0
478,-0.0,0.0,-0.0,-0.0,-0.0,-0.0,-0.835034735441,-2.59263933406,0.0,0.0
479,0.0,0.0,0.0,-0.0,0.0,-0.0,0.0,-0.0,0.0,-0.0
480,-0.0,-0.0,-0.0,-0.0,0.0,-0.0,0.0,-0.710255771379,0.0,0.0
481,-0.0,0.0,0.0,0.936940746489,-0.0,-0.0,-0.0,-0.0689158692098,0.0,-0.0
482,0.0,-0.0,0.0,0.0,-0.0,0.0,0.0,0.0,0.0,-0.0
483,-0.0,0.786487986496,0.0,-0.0,0.0,0.0,0.0,0.0,-0.505633387835,0.0
484,-0.0,-0.0,0.0,0.0,-0.0,-0.0,0.0,-1.44397927414,-0.0,-0.68072804441
485,0.0,-0.511135421765,0.0,0.0,-0.0,-0.0,0.0,0.0,-0.0,0.0
486,-0.0,0.0,-0.0,-0.0,-0.0,0.0,0.0,-0.0,0.652218920305,-0.400942107977
487,0.0,1.1253548339,0.0,0.0,0.0,0.0,-0.0,-0.0,-0.0,0.0
488,0.0,0.258851065009,-0.0,0.0,0.0,0.0,-0.0,-0.0,0.0,-0.0
489,0.0,-0.0,0.0,0.0,-0.0,-0.0,0.0,0.0,0.0,-0.676311753237
490,0.0,0.0,-0.0,0.0,-0.0,-0.0,0.0,-2.55700621416,1.24612235074,0.932237083603
491,0.0,0.0,0.0,0.0,0.0,-0.0,2.64815157889,-0.074773234956,-0.0,-0.0
492,-0.0,-0.0,0.0,0.0,0.0,0.0,-0.0,-0.0,0.0,-0.0
493,0.0,0.0,0.0,-0.0,0.696017718878,-0.0,-0.0,-0.0,-1.43722993342,0.0
494,-0.0,-0.0,0.275604019573,-0.0,-0.0,-0.0,-0.0,1.54153871457,0.0,0.0
495,-0.0,0.0,0.0,-0.0,-0.0,0.0,0.0,0.0,-0.0,-0.0
496,-0.0,0.0,0.0,0.0,-0.0,-0.0,0.668032027249,-0.0,-0.0,-0.0
497,-0.0,1.15594799858,0.0,0.0,0.0,-0.0,0.0,-0.683759573629,-0.0,0.0
498,0.0,-1.18446444391,0.0,0.0,0.0,-0.0,-0.0,0.0,0.0,-0.0
499,-0.0,0.0,-0.0,0.0,0.0,-0.0,0.0,0.0,-0.0,-0.0
500,-0.0,0.0,-0.0,0.0,0.0,-0.0,-0.0,0.0,0.0,-0.0
501,0.0,-0.0,-0.0,-0.0,0.0,0.0,0.0,-0.0,0.0,-1.16346743113
502,0.0,-0.0,0.0,-0.0,-0.333797918289,-0.0,0.0,-0.0,-0.0,0.0
503,0.0,-0.0,-0.0,-0.0,0.0,-0.0,0.0,-0.0,-0.0,-0.0
504,-0.0,0.0,-0.0,0.0,0.0,0.0,-0.0,-0.0,-0.0,-0.0
505,-0.0,-0.424954026733,0.0,-0.0,-0.0,0.0,0.0,-0.0,0.0,0.0
506,-0.0,-0.842846399164,0.0,-0.0,-0.0,-0.0,0.702209790306,0.0,-0.0,-0.0
507,0.0,0.0,-0.0,-0.0,0.0,0.0,-0.0,-0.893888229747,-0.0,-0.0
508,-0.0,0.0,0.0,0.0,0.0,-0.0,-0.656403351989,0.0,0.0,0.0
509,0.0,0.0146313695929,-0.0,0.0,0.0,-0.0,-0.0,0.0,0.0,-0.0
510,-0.0,0.0,0.0,0.0,-0.0,0.0,-0.0,0.0,0.0,-0.0
511,-0.0,0.904856709135,-0.772128310803,-0.0,1.61241677993,0.0,0.0,0.0,0.0,0.0
512,0.0,-0.0,0.0,0.0,-0.0,-0.0,0.0,-0.0,-0.0,-0.0
513,0.0,0.0,0.0,-0.0,-0.0,0.0,-0.0,-0.0,0.0,-0.0
514,0.0,0.0,-0.0,-0.0,-0.0,-0.0,0.0,-0.0,1.41352805949,0.0
515,-0.0,0.0,-0.826332489392,-0.0,-0.0,0.0,0.0,-0.0,0.0,0.0
516,-0.0,-0.0,0.0,0.0,-0.0,0.0,0.0,-1.00464843422,-0.0,0.0
517,-0.0,0.0,0.0,0.0,-0.0,-0.0,0.0,-0.0,0.0,0.0
518,-0.0,-0.0,-0.0,0.0,0.0,0.0,0.0,-0.0,-0.0,-1.93186413302
519,0.0,0.0,-0.0,-0.0,-0.0,-0.0,0.0,0.0,-0.0,0.0
520,0.0,-0.0,0.0,-0.0,-0.372040489766,-0.0,0.0,0.0,-0.0,-0.0
521,0.0,0.524762908755,0.0,0.0,0.0,-0.0,-0.0,0.0,0.0,1.13218284445
522,0.0,0.0,-0.0,-0.0,-0.0,-0.0,1.38230394902,-0.0,0.0,-0.0
523,-0.0,0.0,-0.874197236526,0.0,0.0,-0.0,0.0,-0.0,-0.0,0.492486148523
524,0.0,-0.0,0.0,0.0,0.0,0.0,-0.763787144941,-0.0,-0.0,0.0
525,-0.0,-0.0,-0.0,0.0,-0.0,0.0,-0.0,-0.0,-0.0471838921178,0.862790442701
526,-0.0,-1.87936119089,0.0,-0.0,0.0,-0.0,-0.672816635386,-0.0,0.0,-0.0
527,0.0,-1.03030974091,-0.0,0.0,-0.0,-0.0,0.0,-0.0,-0.0,-0.0
528,-0.0,0.0,0.0,0.625335309634,-0.0,0.0,0.0,0.0,0.0,0.0
529,-0.0,0.0,-0.0,-0.0,-0.0,0.0,0.0,-0.0697320261161,0.0,-0.0
530,0.0,0.0,0.0,-0.0,-0.0,-0.0,-0.0,-0.848034691982,0.0,-0.0
531,-0.0,0.0,-0.0,0.0,0.0,0.0,0.0,0.0,0.0,-0.0
532,-0.0,0.0,-0.0,0.0,-0.0,-0.0,0.0,-0.0,0.0,-0.0
533,0.0,-0.668839985926,-0.0,-0.0,0.0,-0.0,-0.0,-0.201429459879,0.0,-0.0
534,-0.0,-0.0,0.0,1.76824570695,-0.0,0.0,-0.0,-0.0,0.33326120988,0.0
535,0.0,0.0,-0.0,-0.0,0.338924292563,-0.0,-0.0,-0.0,0.0,-0.0
536,0.0,0.0,-0.0,0.0,0.0,0.0,-0.0,-0.0,-0.0,-0.0
537,0.0,-0.999057241689,0.0,-0.0,-0.873381319032,0.0,0.0,0.256889407956,0.0,-0.0
538,0.0,-0.0,0.0,-0.0,-0.0,-0.0,0.0,-0.884269147963,-0.0,0.0
539,0.0,-0.0,0.0,0.0,-0.0,-0.0,-1.04668295481,0.0,-0.0,0.0
540,-0.0,1.20977286855,0.0,-0.0,0.0,0.0,0.0,-0.0,2.42761754229,-0.0
541,0.0,-0.0,-0.0,0.0,-0.0,0.0,0.0,-0.0,0.426082921331,0.0
542,-0.0,0.0,-0.0,0.0,0.0,-0.0,-0.0,0.0939369051169,-0.0,0.0
543,-0.0,0.0,0.0,-0.0,-0.0,0.0,-0.0,-0.0,-0.0,0.0
544,-0.0,0.0,0.0,-0.0,-0.0,-0.0,0.0,-0.0,1.55065923105,-0.0
545,0.0,-0.0,0.0,-0.0,0.0,0.0,-0.0,0.0,-1.11380945967,-0.0
546,0.0,0.0,0.0,-0.330507575829,0.0,0.0,0.394143229936,0.0,0.0,0.0
547,-0.0,-0.0,-0.0,-0.0,0.0,0.0,0.0,0.0,-0.0,0.0
548,0.0,-0.0,0.0,0.0,-0.0,-0.0,-0.0,-0.0,0.0,-1.82848253272
549,-0.0,-0.0,0.0,0.0,-0.0,-0.0,0.0,0.0,0.0,0.931677752852
550,0.0,0.746179077258,-0.0,0.0,-0.556165018975,0.0,0.918329470982,0.566743401644,-0.0,0.0
551,-0.0,-0.0,-0.0,-0.922763857742,-0.0,-0.0,0.704908535812,1.58483289382,0.0,-0.0
552,0.0,0.65886800062,0.0,-0.0,0.0,0.0,0.0,-0.573142333689,-0.0,0.0
553,0.0,0.0,-0.0,0.0,-0.0,0.0,0.0,-0.0,0.0,-0.0
554,-0.0,0.0,0.0,0.0,0.0,-0.0,-0.0,0.0,-0.0,0.0
555,-0.0,-0.0,-0.0,-0.0,-0.0,0.0,-0.0,-0.0,-0.0,0.0
556,0.0,0.0,-0.0,-0.0,0.0,-0.0,0.0,0.0,-0.0,0.209506430923
557,-0.0,0.0,0.0,-0.0,-0.0,0.0,-0.0,-0.0,0.0,-0.0
558,0.0,-0.360996778177,-0.0,0.0,-0.0,-0.0,0.0,-0.0,-0.0,-0.0
559,0.0,-0.0,-0.0,0.0,0.0,-0.0,0.0,0.0,0.0,-0.0
560,0.0,-0.0,0.0,0.0,-0.0,0.0,-0.0,0.0,-0.0,0.0
561,0.0,-0.0,-0.0,-0.0,-0.0,-0.0,1.19571704311,0.628288441593,-0.0,-0.0
562,-0.0,0.0,0.0,-0.0,0.169732771352,-0.0,-0.119364412639,-0.0,-0.0,0.0
563,0.0,-0.0,1.12856258197,-0.0,-0.0,0.0,0.0,-0.0,0.0,-0.0
564,-0.0,0.0,-0.719333822327,0.0,-0.0,-0.0,-0.0,-0.0,0.0,-0.0
565,-0.0,-0.0,0.0,0.0,-0.491411422503,-0.0,-0.0,1.4359867003,0.0,-0.0
566,0.0,-0.0,-0.0,-0.0,0.0,-0.0,-0.0,-0.0,-1.79568020561,0.0
567,0.0,-0.0,-0.0,0.0,-0.0,-0.0,0.0,0.0,0.0,0.0
568,-0.0,-0.0,-0.974490840967,0.0,-0.0,-0.0,0.0,0.0,-0.0,0.0
569,0.0,0.0,-0.0,-0.0,-1.3857983713,0.0,-0.0,-0.0,-0.0,-0.0
570,-0.0,-0.0,-0.0,-0.0,-0.0,-0.0,-0.722065160446,-0.0,-0.0,0.0
571,0.0,-0.0,-0.0,-0.0,0.0,-0.0,-0.0,-0.0,-0.0,0.0
572,0.0,-0.0,-0.0,0.0,-0.0,0.0,0.0,0.0,0.0,-0.0
573,-0.0,0.0,-0.0,-0.0,-0.0,0.0,0.0,-0.0,-0.0,-0.0
574,-0.0,-0.0,0.0,-0.0,0.0,0.0,0.0,0.0,0.0,0.0
575,0.0,-0.0,-0.0,-0.0,0.0,-0.0,0.0,0.0,0.0,-0.0
576,-0.0,-0.0,0.0,-0.0,0.0,-0.0,0.0,0.0,0.0,-0.0
577,-0.0,-0.0,-0.0,-0.0,-0.0,-0.0,0.0,-0.0,0.0,0.0
578,0.0,0.229822841806,1.35504566139,0.0,-0.0,0.0,-0.0,-0.0,2.18152809954,0.0
579,0.0,0.0,-0.0,-0.0,0.0,0.0,-0.0,-0.0,-0.0,-0.0
580,0.0,0.0,-0.0,-0.0,-0.0,-0.0,0.0,0.0,0.0,0.91872286705
581,-0.0,0.0,0.0,-0.0,0.0,0.0,-0.0,-0.0,-0.0,-0.0
582,0.0,-0.0,2.43215995431,0.0,-0.0,0.0,-0.0,0.0,0.0,-0.0
583,0.0,0.0,-0.0,-0.0,0.0,-0.0,-0.0,-1.85080973037,-0.0454442338621,0.0
584,0.0,0.0,-0.0,0.0,-0.0,0.0,-0.0,-0.0,0.0,0.0
585,0.0,0.0,0.0,0.0,-0.0,-0.0,0.326234996589,-0.0,-0.0,0.0
586,-0.0,-0.0,-0.0,-0.0,0.0,-0.0,0.0,0.0,0.0,0.0
587,0.0,-0.621132674721,0.0,0.0,0.0,-0.0,-0.0,0.0,0.0,0.0
588,0.0,-0.0,0.0,0.0,0.0,-0.0,-0.0,0.0,0.0,0.0
589,-0.0,0.0,-0.0,-0.464923694456,-0.0,-0.0,-0.0,-0.0,0.0,-0.0
590,0.0,-0.0,-0.678110307112,-0.0,-1.28212520622,0.0,0.0,-0.0,-0.0,0.0
591,0.0,0.0,0.0,0.0,0.0,-0.0,0.0,0.98825627426,0.0,0.123764754253
592,-0.0,-0.0,0.0,-0.0,-0.0,-0.0,-0.0,-0.0,0.0,0.0
593,-0.0,0.0,1.36217804952,-0.0,-0.0,0.0,-0.292001679495,0.0,-0.0,-0.0
594,-0.0,-0.0,-0.0,0.0,-0.0,0.0,0.616178915735,-0.0,0.0,-0.0
595,-0.0,0.362171554267,-0.0,-0.0,-0.0,-0.0,0.0,0.0,0.0,-0.0
596,-0.0,0.0,0.0,-0.0,0.0,-0.0,-0.0,0.0,-0.0,-0.0
597,0.0,-0.0,-0.0,0.0,0.0,-0.0,0.0,-0.0,0.0,-1.08943636488
598,-0.0,0.0,-0.0,-0.0,0.0,0.0,0.0,-0.0,1.00396721316,0.0
599,0.0,1.49172641987,0.0,0.0,-0.0,-0.0,-0.0,-0.327692892438,-0.328168239794,0.0
600,0.0,-0.0,0.0,-0.0,-0.0,0.0,0.0,0.0,0.308480939431,-0.0
601,-0.0,-0.0,0.0,-0.0,-0.0,-0.0,-0.0,0.0,0.0,-0.0
602,0.0,0.0,-0.0,-0.0,0.0,-0.0,0.0,-0.865498373499,0.0,-1.42537730896
603,0.0,0.0,-0.0,-0.0,0.0,0.0,0.0,0.0,-0.0,0.441928368813
604,0.0,-0.0,0.0,0.0,0.0,-0.0,0.0,-0.0,0.0,0.0
605,-0.0,-0.0,-0.0,-0.0,-0.553286720427,-0.0,-0.0,1.03196086681,-0.0,-0.0
606,0.0,0.0,-0.0,0.0,-0.0,0.0,0.0,1.01171115602,-0.0,0.154753674381
607,-0.0,0.0,-0.0,-0.0,0.0,-0.0,-0.386209485627,0.0,0.0,0.0
608,-0.0,0.45839372478,-0.0,0.0,-0.0,0.0,-0.685362327062,-0.0,-0.0,0.0
609,0.0,0.0,0.0,-0.0,0.0,-0.0,0.486660185764,-0.0,0.0,-0.0
610,-0.0,0.603461839477,-0.0,-0.0,1.38728482402,-0.0,-0.0,0.0,0.0,-0.0
611,-0.0,-0.0,-0.0,-0.0,0.0,0.0,0.0,0.0,-0.0,0.0
612,-0.0,-0.0,-0.0,-0.0,0.0,-0.0,0.0,-0.0,-0.0,-0.0
613,-0.0,-0.0,-0.0,-0.0,-0.0,-0.0,0.0,0.0,-0.0,0.0
614,-0.0,-0.0,0.00711097002127,-0.0,0.0,0.0,-0.0,0.0999665331288,-0.0,-0.0
615,-0.0,-0.0,0.0,0.0,0.0,0.0,0.0,0.0,0.0881264948162,0.0
616,0.0,0.0,-0.0,0.0,0.0,0.0,-0.0,1.1485940774,-0.0,0.0
617,-0.0,-0.0,0.0,-0.0,-0.0,-0.0,-0.0,0.0,0.0,0.0
618,-0.0,-0.0,-0.0,0.0,-0.0,-0.0,0.0,-0.0,0.0,-0.0
619,-0.0,0.0,0.0,0.0,0.0,-0.0,-0.0,0.0,-0.0,-0.0
620,0.0,0.0,0.0,0.0,0.0,-0.0,-0.0,-0.0,-0.0,0.0
621,-0.0,0.0,-0.0,0.0,-0.0,0.0,0.0,-0.0,0.0,-0.0
622,-0.0,-0.0,0.0,0.0,0.0,0.0,0.0,0.297925021857,0.0,0.0
623,-0.0,-0.0,0.0,-0.0,-0.0,-0.0,0.0,-0.0,-0.54799317943,-0.0
624,0.0,0.0,0.0,0.0,0.0,-0.0,-0.0,-0.0,-0.0,-0.0
625,0.0,-0.0,-0.0,0.0,0.0,0.0,-0.0,-0.0,0.00161540609661,-0.0
626,-0.0,0.977423007524,-0.0,-0.0,0.0,-0.0,-0.0,0.0,0.0,-0.0
627,0.0,-0.0,-0.0,-0.0,-0.0,-0.0,-0.0,-0.0,0.0,-0.0
628,0.0,-0.0,-0.0,-0.0,-0.0,-0.0,0.0,-0.0,-0.0,-0.0
629,-0.0,-0.0,0.0,0.0,0.0,-0.0,0.0,-0.0,0.0,-0.0
630,0.0,-0.0,-0.934510265635,-0.0,0.0,0.0,0.0,0.0,1.023481269,-0.0
631,0.0,0.0,0.0,-0.0,0.0,0.0,-0.0,-0.0,0.0,0.0
632,-0.0,0.0,-0.0,-0.0,0.0,-0.0,0.0,0.0,0.0,0.0
633,-0.0,0.0,0.0,0.0,-0.0,-0.0,-0.0,-0.0,-0.0,0.0
634,-0.0,-0.0,0.0,0.0,-0.0,-0.0,-0.0,0.0,-0.0,-0.0
635,0.0,-0.0,-0.0,-0.0,-0.0,-0.0,0.0,-0.406525455103,-0.0,0.0
636,0.0,-0.765831384933,0.0,-0.0,-0.0,-0.0,0.0,-0.0,0.0,0.581220488251
637,0.0,0.0,0.0,0.0,-0.0,0.0,0.0,-0.0,-0.0,0.0
638,-0.0,0.0,0.0,-0.0,-0.0,-0.0,0.0,-0.0,0.0,0.0
639,0.0,-0.0,0.0,-0.0,-0.0,0.0,0.0,0.791501085321,0.0,0.0
640,0.0,0.0,0.0,0.0,0.0,-0.0,-0.451662167175,0.0,-0.0,-0.0
641,0.0,-1.23787025396,-0.0,0.0,0.0,-0.0,-0.0,0.0,0.414308095606,-0.33643923897
642,0.0,0.0,0.0,-0.543522989425,1.6759072828,-0.0,0.0,-1.58997115427,0.0,0.493121517939
643,0.0,-0.0,-0.0,-0.0,0.0,0.0,-0.0,0.27153418054,0.0,-0.0
644,-0.0,-0.0,0.0,0.0,0.0,0.0,-0.0,1.30387174063,0.0,-0.0
645,0.0,0.0,-0.0,0.0,-0.0,-0.0,0.0,0.0,-0.0,-0.0
646,-0.0,-0.0,-0.0,0.0,-0.0,0.0,-0.0,-0.0,-0.0,-0.0
647,-0.0,0.0,-0.0,-0.0,0.0,0.0,-0.0,0.0,0.0,0.0
648,0.0,0.0,0.0,-0.0,0.0,0.0,0.0,0.0,-0.0,-0.0
649,-0.0,-0.0,-0.0,-0.0,0.0,0.0,-0.0,0.0235167697569,-0.0,0.0
650,-0.0,0.0,0.0,0.0,0.0,-0.0,-0.0,-0.0,-0.0,-0.0
651,0.0,0.0,0.0,-0.0,0.0,0.0,0.0,-0.36444658539,0.0,0.0
652,0.0,-0.0,-0.0966415734695,-0.0,-0.0,0.0,0.0,0.0,-0.0,0.0
653,0.0,-0.0,-0.0,0.505358607501,-0.0,0.0,0.0,-0.0,0.0,-0.248190505869
654,0.0,-0.0,0.0,-0.0,-0.254383889292,0.0,0.0,-0.0,-0.0,0.0
655,-0.0,0.0,0.0,-0.0,-0.0,-0.0,-0.0,-0.0,0.0,0.0
656,-0.0,0.0,0.0,0.0,-0.0,0.0,0.0,-0.0,0.0,1.84962872165
657,-0.0,-0.0,0.0,0.0,-0.0,-0.0,0.0,1.27200984423,-0.0,0.909619621614
658,0.0,0.0,-0.0,0.0,-0.0,0.0,0.0,-0.0,-0.0,0.0
659,-0.0,-0.0,-0.738926520113,0.0,-0.0,-0.0,-1.17150518295,-0.0,0.0,-0.0
660,-0.0,0.0,-0.0,0.0,0.0,-0.0,1.0731050783,0.0,0.0,0.542942025199
661,-0.0,-0.0,0.0,0.0,-0.0,-0.0,0.0,-0.0,-0.0,1.42982939765
662,-0.0,-0.0,-0.0,0.0,0.0,-0.0,-0.0,0.0,-0.0,-0.0
663,-0.0,-0.0,0.0,0.0,-0.0,0.0,0.6592287261,-0.0,0.0,0.0
664,-0.0,-0.0,-0.0,0.0,0.0,-0.0,-0.0,-0.0,-0.0,0.0
665,0.0,0.447947676139,0.0,0.0,-0.0,-0.0,-0.0,-0.0,0.0,-0.0
666,-0.0,0.0,0.0,-0.0,0.0,0.0,0.0,-0.0,0.0,-0.0
667,0.0,0.0,-0.0,-0.0,-0.0,0.0,-0.0,-0.0,0.0,-0.0
668,-0.0,0.0,0.0,-0.0,-0.0,0.0,0.0,0.0,-0.0,0.0
669,0.0,0.0,0.0,0.0,-0.0,-0.0,-0.999977771643,0.0,0.0,-0.0
670,0.0,0.0,0.0,0.0,0.0,-0.0,3.04638712508,-0.0,-0.0,-0.0
671,0.0,-0.132554348428,-0.0,0.0,0.0,-0.0,-0.0,0.0,-0.0,-0.0
672,-0.0,-0.0,-0.0,0.0,0.0,-0.0,-0.0,0.0,-0.0,-0.0
673,-0.0,0.0,-0.0,-0.0,-0.0,-0.0,-0.0,-0.0,0.0,-0.0
674,-0.0,0.0,-0.0,0.0,-0.296387135901,0.0,-0.0,-0.0,-0.0,-0.0
675,-0.0,0.0,0.0,0.0,0.0,-0.0,0.0,0.0,0.0,0.0
676,0.0,-0.0,-0.0,-0.0,-0.0,-0.0,-1.11055982878,-0.0,-0.0,-0.0
677,0.0,0.103119060681,0.0,-0.0,-0.0,-0.0,-0.0,-0.0,0.443318522962,-0.0
678,-0.0,-0.0,-0.0,0.0,0.0,0.0,0.0,0.0,0.0,0.0
679,0.0,-0.0,0.0,0.0,-0.0,-0.0,0.0,-0.88192553028,0.0,-0.0
680,-0.0,0.0,0.0,-0.0,-0.0,0.0,-0.693162589174,-0.0,-0.168038506476,0.0
681,0.0,0.0,-0.0,-0.0,-0.0,-0.0,-1.78419544958,-0.0,-0.0,0.0
682,0.0,-0.0,0.0,-0.0,0.0,-0.0,0.0,0.0,-0.0,0.0
683,0.0,-0.0,-0.0,0.0,0.0,-0.0,-0.936692091456,-0.0,-0.0,0.0
684,0.0,0.0,0.0,-0.0,0.0,0.0,-0.0,0.0,-0.0,-0.0
685,0.0,-0.0,-0.0,0.0,0.0,0.0,-0.0,-0.0,0.0,0.0
686,-0.0,0.0,-0.0,0.0,0.121901469685,-0.0,0.0,0.0,-0.0,-0.0
687,-0.0,-0.911653936274,0.0,0.0,0.0,-0.0,-0.489140417182,0.0,0.0,0.0
688,-0.0,-0.0,-0.852442140287,-0.0,0.0,0.0,0.0,-0.369058880795,0.0,0.0
689,0.0,-0.0,0.0,-0.0,-0.0,-0.0,1.41524250262,-0.850272343598,-0.46975698098,0.0
690,-0.0,-1.79539373095,0.0,-0.0,-0.0,-0.0,0.396476356977,0.86092430376,-0.0,-0.0
691,0.0,-0.0,-0.0,0.0,-0.0,0.0,0.0,-0.0,0.0,-0.0
692,0.0,-1.75230075966,-0.0,-0.0,-0.0,0.0,-0.0,-0.811424746012,0.0,-0.0
693,0.0,-0.0,-0.0,-0.0,0.0,0.0,-0.0,0.0,0.0,0.0
694,-0.0,-0.0,0.0,-0.0,0.0,-0.0,-0.0901233857062,0.92923224059,-0.0,-0.0
695,-0.0,0.0,0.0,-0.0,-0.199524852107,0.0,-0.276885116552,-0.0,0.0,0.0
696,-0.0,-0.0,0.0,-0.0,0.367685240075,-0.0,-0.0,-0.0,0.0,0.0
697,0.0,0.0,-1.02155889456,-0.0,-0.0,-0.0,-0.0,0.0,0.0,-0.0
698,-0.0,0.0,0.0,0.0,-0.0,0.0,0.0,-0.0,-0.0,-0.0
699,0.0,-0.0,-0.0,-0.0,-0.0,0.0,0.0,-0.0,-0.0,0.0
700,-0.0,-0.0,-0.0,-0.0,0.0,0.0,0.0,0.0,0.0,0.0
701,0.0,-0.0,-0.0,-0.0,0.0,-0.0,0.0,0.0,0.0,0.0
702,-0.0,-0.0,0.0,0.0,-0.0,0.0,0.0,0.0,0.0,0.0
703,-0.0,-0.0,-0.0,-0.0,-0.110723766448,-0.0,-0.0,0.0,0.0,-1.14591191718
704,-0.0,1.06530431375,0.0,0.0,-0.0,-0.0,-0.0,0.239677890517,0.312895350866,0.586940606992
705,0.0,-0.0,0.0,-0.0,0.0,0.0,-1.53728453231,-0.0,0.449814970674,-0.0
706,0.0,0.0,-0.0,-0.0,0.0,0.0,0.0,-0.0,-0.763294840193,0.0
707,0.0,0.0,-0.0,0.0,-0.0,0.0,0.0,0.0,-0.0,-0.0
708,0.0,0.0,-0.42797014723,-0.0,0.0,-0.0,-1.59079283054,0.0,-0.0,0.0
709,-0.0,1.36929781726,0.0,-0.0,-0.0,0.0,0.621574240852,-0.0,-0.99922048225,-0.0
710,-0.0,-0.0,0.0,0.0,-0.0,0.0,0.295373727631,0.0,-0.0,-0.0
711,0.0,0.95218511308,0.0,0.0,0.0,-0.0,-0.0,-0.0,0.0,1.81819182723
712,0.0,-0.0,0.0,-0.0,0.0,-0.0,0.0,-0.0,-0.0,-0.0
713,0.0,-0.76697893099,-0.0,0.0,-0.0,0.0,0.0,-0.0,-0.0,0.0
714,0.0,0.0,0.0,-0.0,-0.0,0.0,-0.0,0.0,0.0,-0.502368315573
715,0.0,-0.0,0.0,0.0,0.0,-0.0,0.0,-0.0,-0.0,0.0
716,-0.0,0.0,-1.16316638681,0.0,-0.0,0.0,-0.419642734593,-0.0,0.0,-0.0
717,-0.0,0.0,0.0,-0.0,0.0,0.0,0.0,0.0,0.0,0.0
718,-0.0,-0.0,0.843015761945,-0.0,-1.29953378152,0.0,-0.0,0.0,0.0,-0.0
719,-0.0,0.0,0.0,0.0,-0.0,-0.0,0.329836941647,0.0,-1.72793293636,-0.0
720,-0.0,-0.0,-0.0,0.0,-1.26331665,0.0,0.512645352226,-0.0,-0.0,-1.08464540984
721,-0.0,0.0,-0.0,1.37846564028,0.0,0.0,0.0,0.0,0.0,0.0
722,0.0,0.0,-0.0,-0.0,-0.0,-0.0,-0.0,-0.0,0.0,0.0
723,-0.0,-0.0,0.0,0.0,-0.0,0.0,0.0,0.37563981495,0.0,0.0
724,-0.0,0.0,0.0,0.0,-0.0,-0.0,0.0,0.0,-0.0,0.0
725,-0.0,-0.0,-0.0,0.0,0.0,0.0,1.58010966934,-0.0,0.0,-1.29625603523
726,-0.0,0.0,0.0,0.0,-0.0,0.0,-0.0,-0.0,0.0,0.0
727,-0.0,0.0,0.11355910655,0.0,-0.0,-0.0,0.0,-0.0,0.0,1.10350633014
728,0.0,0.0,0.0,0.0,0.162373460293,0.0,-0.0,-0.0,0.0,0.0
729,-0.0,0.0,-0.0,-0.0,0.0,-0.0,0.0,-0.0,0.0,-0.0
730,0.0,-0.0,-0.0,-0.0,-0.0,0.0,-0.0,-0.0,0.0,-0.0
731,0.0,0.0,0.0,-0.0,0.0,-0.0,0.0,-0.0,-0.0,0.0
732,0.0,0.402200157428,-0.0,-0.0,-0.0,0.0,-0.0,-0.0,-0.0,-0.0
733,0.0,0.706910661341,-0.0,0.0,0.0,-0.0,0.0,0.0,0.0,0.0
734,-0.0,-0.0,-0.0,-0.0,0.535821211192,-0.0,0.84747497029,-0.0,-0.0,0.0
735,0.0,0.0,-0.986858591372,0.0,-0.0,-0.0,0.240325229982,-1.23487975956,-0.675708536756,-0.0
736,0.0,0.0,0.0,0.0,0.0,-0.0,-0.0,0.0,-0.0,0.0
737,-0.0,-0.0,-0.0,0.0,0.944206005832,-0.0,-0.0,0.74119106433,0.0,-0.0
738,0.0,-0.0,-0.0,0.0,-0.0,0.0,0.0,0.0,0.0,0.0
739,-0.0,-0.0,0.0,0.0,0.0,-0.0,0.0,-0.0,0.0,-0.0
740,-0.0,0.0,-0.0,0.0,-0.0,-0.0,-0.480328807596,-0.0,0.0,-0.0
741,0.0,0.0,-0.0,0.0,0.0,-0.0,-0.0,0.0,-0.0,0.0
742,-0.0,-0.0,1.46213728954,0.0,-0.0,-0.0,-1.16175092822,-0.0,-0.0,-1.10421607456
743,0.0,0.0,-0.0,-0.881784261395,-0.0,0.0,-0.0,0.0,-0.0,-0.0
744,0.0,0.240639454443,-0.0,0.0,-0.0,-0.0,-0.0419892367243,-0.0,-0.0,1.69862483938
745,0.0,-0.0,0.0,0.0,0.0,-0.0,0.0,0.0,-0.0,-0.0
746,-0.0,1.90765223354,0.0,-0.0,0.306464485163,0.0,-0.522796276624,0.0,-0.0,-0.0
747,0.0,0.405014824683,-0.0,0.0,-0.0,0.0,0.0,-0.0,0.0,-0.0
748,-0.0,0.0,-0.0,-0.0,0.0,0.0,0.0,0.0,-0.0,0.0
749,-0.0,0.0,-0.0,0.0,0.0,-0.0,0.0,0.0,-0.0,-0.0
750,0.0,0.0,-0.0,-0.0,0.0,-0.0,0.0,-0.0,0.0,0.0
751,-0.0,-0.484924108412,-0.0,-0.0,0.0,0.0,-0.0,-0.0,0.0,0.0
752,-0.0,0.0,-0.0,-0.0,0.0,0.0,-0.0,0.0,-0.0,-0.0
753,-0.0,-0.0,-0.0,0.0,0.0,0.0,0.0,-0.0,-0.0,-0.0
754,0.0,0.266790173811,0.0,0.724625818552,0.0,-0.0,-0.0,0.0,0.0,-0.0
755,-0.0,0.0,0.0,0.0,-0.0,-0.0,0.0,-0.0,-0.0,0.0
756,-0.0,0.0,-0.0,-0.0,-0.0,0.0,0.0,-0.0,-0.0,0.0
757,-0.0,0.0,-0.0,0.0,-0.0,0.0,-0.0,-0.0,0.0,0.0
758,-0.0,0.0,0.0,0.0,-0.0,0.0,0.0,0.0,-0.0,0.0
759,0.0,0.0,-0.0,0.0,0.0,0.0,-0.0,0.0,0.0,-0.0
760,-0.0,-0.0,0.0,0.0,-1.35174428242,0.0,0.0,-0.44347744746,0.0,-0.0
761,0.0,0.0,-0.598195816626,-0.0,0.0,0.0,0.0,0.0,-0.529676793093,-0.0
762,-0.0,0.0,-0.0,-0.0,-0.0,0.0,-0.0,0.0,-0.0,0.0
763,-0.0,0.0,-0.0,0.0,0.0,0.0,-0.0,0.0,-0.0,0.0
764,-0.0,-0.0,0.740711971913,0.0,-0.0,-0.0,-0.0,0.0,0.0,0.0
765,0.0,-0.0,0.0,-0.0,-0.0,0.0,-0.0,-0.0,-0.0,-0.0
766,0.0,0.0,-0.0,0.0,1.05859378239,0.0,0.0,-0.0,0.0,-0.0
767,0.0,0.0,0.0,0.0,-0.0,0.0,0.0,-0.0,-0.0,0.0
768,0.0,-0.0,1.19130951131,-0.0,-0.0,-0.0,0.0,0.0,-0.0,-0.0
769,0.0,-0.0,-0.0,0.0,0.0,0.0,-0.0,0.128700884698,-0.0,-0.0
770,0.0,0.0,-0.0,0.0,0.0,-0.0,-0.0,-0.0,0.0,-0.0
771,-0.0,1.31594945555,-0.0,-0.0,-0.0,-0.0,0.0,-0.0,-0.0,-0.0
772,0.0,0.0,-0.0,0.0,-0.0,-0.0,-0.0,0.0,0.0,0.474876111945
773,0.0,-0.0,0.0,0.0,0.0,-0.0,-0.0,-0.0,0.819958138197,-0.0
774,-0.0,0.0,-0.0,-0.0,0.0,0.0,0.0,-0.0,0.0,-0.0
775,0.0,-0.0,0.0,-0.0,0.491870033324,-0.0,-0.792523704308,0.348190124677,-0.0,-1.05532606297
776,-0.0,-0.0,0.0,0.0,-0.0,-0.0,-0.0,0.0,0.0,-0.0
777,0.0,0.506807766727,-0.0,-0.0,-0.0,-0.0,-0.269175454077,-0.0,-0.0,-0.0
778,-0.0,-0.0,-0.0,-0.0,-0.0,0.0,0.0,0.0,-0.0,0.90516085951
779,-0.0,0.0,-0.0,-0.0,-0.0,-0.0,0.0,0.416253686067,-0.0,0.0
780,0.0,0.0,0.0,-0.0,-0.0,0.0,-0.0,0.0,0.0,-1.34566737564
781,-0.0,-0.0,0.0,0.0,0.0,-0.0,0.0,-0.0,0.0,0.0
782,0.0,-0.0,0.0,0.0,0.0,0.0,0.0,-0.0,0.0,-0.0
783,0.0,-0.0,-0.0,-0.0,0.0,0.0,0.0,-0.0,-0.0,0.0
784,0.0,0.0,0.0,-0.0,0.0,0.0,0.0,0.0,0.0,-0.512636191351
785,-0.0,0.0,0.0,-0.0,0.618248762897,0.0,-1.58619999811,-0.0,-0.0,0.7834735528
786,0.0,-0.0,-0.0,-0.0,-0.0,0.0,-0.0,-0.0,-0.0,-0.0
787,0.0,-0.0,0.0,1.59736328754,0.0,-0.0,0.0,0.0,-0.0,-0.695497889856
788,-0.0,0.0,0.0,-0.0,0.0,-0.0,0.0,0.0,-0.0,-0.0
789,-0.0,-0.0,-0.0,-0.0,0.0,0.0,-0.0,-0.0,-0.0,-0.0
790,0.0,-1.00765169656,0.717475885284,-0.0,-0.0,0.0,-0.0,-2.16936401013,0.0,-0.0
791,-0.0,0.0,-0.0,0.0,-0.0,-0.0,0.0,-0.0,-0.0,0.489304597872
792,0.0,0.0,0.0,-0.0,-0.0,0.0,0.0,-0.0,-0.0,0.0
793,-0.0,0.0,0.0,0.0,0.0,-0.0,-0.0,0.0,0.0,0.0
794,0.0,-0.0,0.0,0.0,0.0,0.0,-0.0,0.0,0.0,-0.293311262216
795,0.0,0.0,-0.0,0.0,-0.0,0.0,-0.0,0.0,0.0,-0.0
796,0.0,-0.0,0.0,0.257170674834,-0.0,-0.0,-0.0,0.0,0.0,0.0
797,-0.0,1.14956942724,0.0,-0.0,1.14274385437,-0.0,0.0,0.0,0.0,0.0
798,0.0,0.0,0.0,-0.0,-0.0,-0.0,-0.0,-0.0,0.0,-0.0
799,0.0,0.0,-0.0,0.0,-0.0,0.0,0.0,-0.787755022129,-0.0,-0.0
800,0.0,0.271400950111,0.0,0.0,-0.0,0.0,0.0,-0.0,-0.0,-0.339633383107
801,-0.0,0.0,0.0,-0.0,0.0,-0.0,-0.0,-0.0,-0.0,-0.0
802,-0.0,-0.0,-0.681524900664,0.0,0.0,-0.0,-0.0,-1.58224488312,0.0,0.0
803,0.0,-0.0,-0.0,-0.0,-0.0,0.0,-0.0,0.0,0.0,-0.679943748407
804,0.0,0.0,-0.0,0.0,0.0,-0.0,-0.0,0.0,-0.941878506215,-0.0
805,0.0,0.0,0.0,0.0,-0.0,-0.0,-0.0,-0.0,-0.0,0.0
806,0.0,0.0,-0.0,0.0,0.0,0.0,-0.0,-0.0,-0.0,1.4370362773
807,0.0,0.0,-0.0,1.99254628985,0.0,-0.0,0.0,1.37050352494,-0.582409799918,-0.0
808,-0.0,-0.911762477765,0.0,-0.0,-0.0,-0.0,-0.0,0.0,0.0,0.0
809,-0.0,0.0,2.60301113129,-0.0,-1.24254180756,-0.0,-1.64847394729,-0.0,0.0,0.0
810,0.0,0.0,0.0,0.0,0.638785370511,-0.0,-0.0,-2.02836430348,-0.0,0.0
811,-0.0,0.0,0.0,-0.0,0.0,-0.0,-0.0,-0.0,-0.0,0.0
812,-0.0,0.185509147884,0.0,0.0,-0.0,-0.0,0.0,-0.0,0.0,-0.0
813,-0.0,0.0,-0.0,-0.0,0.0,-0.0,-0.0,-0.0,0.624515683254,0.432499249171
814,0.0,0.0,-0.0,-0.0,0.0,-0.0,0.0,-0.0,0.0,0.0
815,0.0,0.0,0.0,0.0,-0.0,-0.0,0.0,-1.71353309985,-0.0,0.0
816,-0.0,0.0,0.0,-0.0,0.0,0.0,0.0,0.0,-0.0,0.0
817,-0.0,-0.0,0.0,0.0,0.0,-0.0,-0.0,0.0,-0.0,0.0
818,-0.0,-0.0,-0.0,-0.0,-0.0,-0.0,-0.0,0.0,0.0,-0.0
819,-0.0,-0.0,-0.0,0.0,-0.0,-0.0,-0.0,-0.38321528022,-0.0,0.0
820,-0.0,0.0,-0.0,-0.0,0.0,0.0,-0.0,-0.0,0.0,0.0
821,0.0,0.0,-0.0,0.0,-0.0,-0.0,0.0,-0.0,-0.0,-0.0
822,-0.0,-1.06508928914,0.0,0.0,-0.0,0.0,2.12625280646,-1.01528820088,0.0,0.0
823,-0.0,0.0,-0.0,-1.20510914749,0.0,-0.0,-0.0,-0.0,0.0,0.0
824,-0.0,-0.0,0.0,0.0,-0.0,-0.0,0.0,-0.0,0.0,-0.0
825,-0.0,-0.0,-0.0,-0.0,-0.0,-0.0,2.06790168722,0.0,-0.0,-0.0
826,-0.0,-0.0,0.0,-0.0,0.0,0.0,0.0,-0.0,-0.0,-0.0
827,0.0,-0.0,-0.0,0.0,0.0,-0.0,-0.0,0.0,-0.0,-0.0
828,0.0,-0.0,-0.0,-0.0,-0.0,-0.0,0.0,0.0,-0.0,-0.0
829,0.0,-0.0,0.0,0.0,-0.0,-0.0,0.0,-0.0,0.0,0.0
830,0.0,0.0,0.0,-0.0,-0.0,0.0,0.0,-0.0,0.0,-0.0
831,-0.0,0.0,0.0,-0.0,0.0,0.0,-0.0,-0.0,0.0,0.0
832,-0.0,-0.0,-1.21336819279,-0.0,0.0,-0.0,-0.0,-0.0,-0.0,0.0
833,-0.0,-0.0,0.0,0.0,-0.0,-0.0,0.483522416779,0.0,-0.0,-0.0
834,0.0,-1.39831672128,-0.0,-0.0,0.0,-0.0,1.15451716683,0.0,-0.0,-0.0
835,-0.0,2.13874942135,-0.0,0.0,-0.0,-0.0,0.0,0.0,1.83687160898,-0.0
836,-0.0,-0.0,0.0,0.0,0.0,-0.0,-0.0,-0.0,-0.0,0.0
837,-0.0,0.0,-0.0,0.0,0.0,0.0,-0.0,-0.0,-0.831008422036,0.578674520252
838,-0.0,-0.0,0.0,-0.0,-0.0,-0.0,-2.16348892853,-0.0,-0.0,-0.0
839,0.0,0.0,-0.150400584519,-0.0,-0.0,-0.0,0.0,0.0,-0.0,0.0
840,-0.0,0.0,0.0,0.0,0.0,-0.0,0.0,-0.0,-0.0,-0.0
841,-0.0,-0.0,0.0,-0.0,0.0,0.0,0.0,0.0,-0.0,0.0
842,-0.0,0.0,0.0,-0.0,0.0,0.0,0.0,-0.0,0.0,1.61367203086
843,0.0,-0.0,0.0,-0.0,0.0,0.0,-0.0,0.0,-0.0,-0.0
844,-0.0,1.93616258558,-0.0,-0.0,0.0,0.0,-0.0,0.0,-0.43266382862,0.0
845,0.0,-0.0,0.0,0.0,0.0,0.0,0.0,0.209745238279,0.0,0.0
846,0.0,0.0,-0.442383607863,0.0,-0.593978825293,-0.0,0.0,0.0,-0.0,0.0
847,-0.0,-0.0,1.90823770011,0.0,0.0,-0.0,0.0,-0.0,2.29191153502,0.0
848,0.0,0.0,-0.0,-0.0,0.0,-0.0,0.619723393313,-0.0,-0.0,-1.08200904114
849,0.0,-0.0,-0.0,0.0,-0.0,0.0,0.564639690986,-0.0,-0.0,-0.582420938699
850,-0.0,0.396008028354,0.0,-0.0,-0.0,0.0,-0.0,-0.466914416633,0.0,-0.0
851,-0.0,-0.0,0.0,-0.0,-0.0,0.0,-0.0,0.0,0.0,-0.0
852,0.0,0.0,-0.0,-0.0,0.0,-0.0,0.304931860869,0.0,0.0,0.643633291714
853,-0.0,0.0,0.0,-0.0,0.0,-0.0,-0.0,0.0,0.349985734062,1.64858298973
854,-0.0,-0.0,0.0,0.0,0.0,-0.0,0.245254888197,-0.10580591579,-0.0,-0.0
855,0.0,0.0,0.0,0.0,-0.0,-0.0,1.46693675426,-0.0,0.0,0.0
856,-0.0,0.0,0.0,-0.0,0.0,-0.0,-0.0,0.0,-0.0,-1.30570788534
857,-0.0,-1.17649537547,-1.41237720201,-0.0,-0.0,-0.0,0.0,0.0,-0.0,0.0
858,0.0,1.2790281894,0.0,-0.217747768747,-0.0,-0.0,0.0,0.0,-0.0,-0.404745611717
859,-0.0,-0.0,-0.0,-0.0,-0.0,-0.0,0.0,1.12120299395,0.0,-0.0
860,-0.0,0.787064633535,-0.0,0.0,-0.0,-0.0,-0.0,0.0,0.0,-0.0
861,0.0,0.0,-0.0,-0.0,0.0,-0.0,-0.0,-0.0,0.0,0.225465094453
862,-0.0,-0.374279583934,0.0,0.0,0.0,0.0,1.47349888635,0.0,-0.0,-0.0
863,0.0,-0.0,0.0,-0.0,0.0,0.0,-0.0,-0.0,0.0,0.0
864,-0.0,-0.0,-0.0,0.0,-0.0,-0.0,-0.0,-0.0,-0.0,-0.0
865,-0.0,-0.0,-0.811432002279,-0.0,-0.0,-0.0,0.0,-0.0,-0.0,0.0
866,0.0,-0.0,-0.0,-0.0,-0.0,0.0,-0.382099046262,0.0,0.0,-0.0
867,0.0,-1.20080142085,-0.0,-0.0,-0.0,-0.0,-0.84920139695,0.0,-0.0,0.0
868,-0.0,0.0,-0.0,-0.964417001872,-0.0,0.0,0.0,-0.0,-0.523818936343,0.17156291223
869,0.0,-0.0,0.0,0.0,-0.0,0.0,-0.0,-0.0,-0.0,-1.36240359028
870,-0.0,0.0,0.0,0.0,-0.0,-0.0,0.0,-0.0,0.0,-0.0
871,0.0,-0.0,-0.0,-0.0,-0.0,0.0,-0.0,-0.0,-0.0,-0.0
872,-0.0,0.0,0.0,0.0,-0.0195975954527,-0.0,-0.0,-0.0,0.0,-0.0
873,-0.0,-0.0,0.0,-0.0,0.0,0.0,0.0,0.474804092039,-0.0,0.0
874,0.0,-0.0,-0.0,-0.0,1.12133372967,-0.0,-0.0,0.0,0.0,-0.0
875,0.0,0.0,0.0,-0.0,-0.0,-0.0,-0.0,0.0,0.0,0.0
876,-0.0,0.0,0.0,0.0,-0.0,-0.0,-0.0,-0.0,0.0,0.0
877,0.0,0.0,0.0,-0.0,0.0,0.0,0.0,0.0,-0.0,0.616520565124
878,-0.0,-0.0,-0.0,-0.0,0.934182773383,-0.0,0.0,0.0,-0.0,-0.0
879,0.0,0.0,0.0,0.0,0.0,-0.0,0.0,-0.0,0.0,-0.0
880,-0.0,-0.0,0.0,-0.0,-0.0,0.0,0.0,0.232458570437,-0.0,-2.05831677152
881,-0.0,0.0,-0.0,-0.0,0.0,-0.0,0.0,0.0,0.0,0.732638944284
882,-0.0,0.0,0.0,-0.0,-0.0,-0.0,-0.109131600743,0.0,0.0,-0.0
883,-0.0,0.677976205398,-0.178143042535,-0.0,0.0,0.0,-0.0,0.0,-0.0,0.0
884,-0.0,-0.0,0.0,0.0,-0.0,-0.0,-0.244598086289,-0.0,-0.0,0.0
885,0.0,0.0,-0.0,-0.0,0.0,0.0,-0.0,0.0,-0.0,0.0
886,-0.0,-0.0,0.283608144989,0.0,-0.0,-0.0,0.0,-1.39907393332,-0.0,0.0
887,-0.0,-0.0,0.0,-0.0,-0.0,-0.0,0.0,-0.0,-0.0,-0.0
888,-0.0,-0.0,0.0,-0.0390424507197,-0.0,-0.0,-0.0,-0.0,0.0,-0.0
889,0.0,-0.0,0.0,0.0,-0.0,0.0,-0.0,-0.0,-0.0,0.0
890,0.0,-0.0,0.0,0.0,0.0,0.0,-0.0,0.0,1.09424745123,-0.0
891,-0.0,-0.0,0.0,0.0,-0.0,0.0,-0.0,-0.0,-0.0,-0.0
892,-0.0,-0.0,0.0,-0.0,-0.0,0.0,-0.0,-0.576785471639,0.0,-0.0
893,0.0,0.0,0.0,0.0,0.0,-0.0,-0.0,-0.241374303951,0.0,0.0
894,0.0,-0.0,-0.756030424343,0.0,0.0,0.0,0.0,0.0,0.0,-0.0
895,0.0,0.0,-0.0,0.0,-0.0,-0.0,0.268518144311,0.0,-0.0,0.155563995716
896,0.0,-0.641019509264,0.0,0.0,0.0,-0.0,0.148001791713,-0.0,0.0,-0.0
897,-0.0,0.0,-0.0,-0.0,-0.0,-0.0,0.803952710009,0.0,-0.0,0.0
898,0.0,-0.0,0.0,0.0,0.0,0.0,0.0,0.0,-0.0,-0.0
899,-0.0,0.0,-0.0,0.0,-0.0,0.0,-0.492775383124,-0.0,-0.0,-0.0
900,-0.0,-0.340722030058,0.0,0.0,-0.0,-0.0,0.0,-0.0,-0.0,-1.56188964667
901,0.0,0.0,0.0,0.0,0.0,-0.0,0.0,0.0,0.0,-0.0
902,-0.0,0.0,-0.0,0.0,0.0,0.0,-0.0,0.0,-0.0,-1.11707399828
903,0.0,0.18126493816,-0.0,-0.0,0.0,-0.0,-0.0,0.0,-0.0,0.0
904,-0.0,-0.0,0.0,0.0,0.0,-0.0,0.0,-0.0,-0.0,0.0
905,0.0,0.0,-0.0,0.0,-0.0,0.0,0.0,-0.0,-0.0,-0.0
906,0.0,-0.0,0.0,0.0,1.02262092555,0.0,1.24032619514,-0.0,0.0,-0.0
907,0.0,0.537732481331,-0.0,-0.0,-0.0,0.0,0.0,0.0,-0.0,-0.0
908,0.0,-0.0,0.0,0.0,0.0,0.0,-0.44270757573,-0.0,-0.0,0.0
909,-0.0,-0.0,0.0,0.0,-0.0,0.0,-0.958372361696,0.0,-0.0,0.0
910,0.0,-0.0,0.0,0.0,-0.0,-0.0,-0.0,-0.0,-0.0,-0.899813852123
911,-0.0,-0.0,-0.0,0.0,-0.0,0.0,-0.0,-0.0,0.701700092357,0.0
912,-0.0,-0.98142636069,1.9605365469,0.0,-0.458630543315,-0.0,-0.0,-0.0,0.0,0.226279982191
913,-0.0,-0.0,-0.0,0.0,0.0,0.0,-0.0,0.0,-0.0,0.0
914,-0.0,-0.0,-0.0,-0.0,0.0,0.0,0.0,0.0,0.0,-0.0
915,0.0,0.0,0.0,-0.0,-0.0,0.0,0.0,-0.0,-0.0,0.0
916,0.0,0.0,0.0,0.0,0.0,0.0,0.0,-0.0,-0.0,-0.0
917,0.0,-0.0,-0.0,0.0,-1.75689071689,-0.0,0.0,0.0,-0.0,-0.398773428848
918,-0.0,-0.0,-0.0,-0.0,-0.0,0.0,-0.0,-0.0,0.0,0.0
919,0.0,-0.0,0.0,-0.0,0.0,0.0,-0.0,-0.0,0.0,0.0
920,-0.0,-0.0,0.0,0.0,-0.0,0.0,0.0,-0.0,0.147575900861,-0.0
921,-0.0,-0.360809256823,-0.0,0.0,0.207154129978,-0.0,-0.0,0.0,-0.0,0.303710434844
922,-0.0,0.0,-0.0,-0.0,-0.0,0.0,-0.0,0.0,-0.0,-0.0
923,-0.0,0.0,-0.0,-0.0,0.0,-0.0,-0.0,-0.0,-0.0,-0.0
924,-0.0,-0.0,-0.0,-0.0,0.0,0.0,-0.0,0.0,-0.0,-0.0
925,0.0,-0.0,-0.0,-1.2042124047,0.0,-0.0,0.0,-0.0,0.0,0.0
926,0.0,0.0,0.0,0.0,0.0,-0.0,0.0,0.0,0.0,-0.0
927,-0.0,0.0,0.282117795105,-0.0,-0.0,-0.0,-0.0,0.0,0.0,0.0
928,-0.0,-0.0,-0.0,0.0,-0.0,-0.0,0.0,-0.0,0.0,0.0
929,-0.0,-1.1176535399,0.0,0.0,-0.0,0.0,-0.0,-0.0,-0.0,-0.0
930,-0.0,0.0,0.0,0.0,-0.0,0.0,-0.0,-0.0,-0.0,-0.0
931,-0.0,0.676092602676,0.0,-0.0,1.54554387249,0.0,-0.0,1.83444842655,-0.0,0.0
932,-0.0,0.0,0.0,0.0,0.0,0.0,0.0,-0.0,0.0,-0.0
933,-0.0,0.0,0.0625570586383,0.0,-0.0,0.0,-0.0,-0.0,0.0,-0.0
934,0.0,1.34980088265,-0.0,-0.0,0.0,-0.0,0.0,0.0,0.0,0.0
935,-0.0,0.0,0.0,0.0,0.0,0.0,-0.0,-0.0,0.0,-0.0
936,0.0,0.0,0.0,-0.0,-0.0,-0.0,0.0,0.0,-0.0,0.0
937,-0.0,0.0,0.0,0.0,-0.0,-0.0,0.0,0.0,-0.0,-0.0
938,-0.0,0.0,-0.0,0.0,0.0,0.0,0.654938015352,-0.0,-0.0,-0.0
939,0.0,-0.0,0.0,0.0,-0.0,0.0,0.0,0.0,0.0,-1.63969350843
940,0.0,0.0,-0.0,-0.0,0.0,0.0,0.0,0.0,-0.0,0.0
941,0.0,0.103085444028,0.248722943933,-1.48866995241,0.0,-0.0,-0.589952397184,1.48082196551,0.0,1.18017066596
942,0.0,-0.0,0.0,0.0,-0.0,-0.0,0.0,0.0,0.0,-0.0
943,-0.0,-0.0,-0.0,0.0,-1.71125349899,0.0,-0.0,0.0,-0.0,0.657849431602
944,-0.0,-0.0,-0.0,-0.0,0.0,-0.0,-0.0,1.70412743853,-0.0,-0.0
945,-0.0,-0.0,0.0,0.0,0.0,-0.0,-0.0,0.0,0.0,-0.0
946,0.0,0.0,-0.0,0.0,0.0,0.0,-0.0,-0.0,0.0,0.0
947,-0.0,0.701552685752,-0.381437782571,0.0,-0.0,0.0,0.0,-0.0,0.846329997388,-0.742095314789
948,0.0,-0.0,0.0,-0.0,0.0,0.0,-0.0,-0.475338721897,0.0,-0.0
949,0.0,-0.0,0.0,0.0,-0.298638295297,0.0,-0.0,-0.0,0.0,-0.0
950,-0.0,-0.0,-0.0,-0.0,0.0,0.0,-0.0,-0.0,0.0,-0.0
951,-0.0,0.0,0.0,-1.20942711192,-0.0,0.0,1.30625556304,-0.0,-0.0,0.0
952,-0.0,-0.0,0.0,0.0,-0.0,0.0,-0.0,-0.0,0.0,0.0
953,0.0,-0.0,0.0,-0.0,-0.581916629651,0.0,0.0,-0.0,0.0,-0.0
954,-0.0,0.0,0.0,-0.0,0.468488418211,0.0,0.0,0.0,0.0,0.0
955,0.0,0.840764559768,0.0,-0.0,0.0,-0.0,0.0,-0.0,-0.0,-0.0
956,-0.0,0.0,-0.0,0.0,-0.0,-0.0,0.267890749468,-0.0,-0.0,-0.0
957,-0.0,0.0,0.0,0.0,-0.0,0.0,-0.0,0.0,-0.607594292818,0.0
958,0.0,-0.0,0.0,0.0,-0.0,-0.0,-0.0,-0.0,0.0,-0.0
959,-0.0,0.0,-0.0,-0.0,0.0,0.0,-0.0,-0.0,0.0,-0.0
960,0.0,-0.0,-0.0,0.0,0.0,-0.0,-0.0,-0.0,-0.0,0.559076683089
961,0.0,-1.17905554406,-0.0,0.0,-0.0,0.0,-0.0,1.23510002886,-0.0,-0.540200890912
962,0.0,-0.0,-0.0,0.0,0.0,-0.0,0.0,-0.0,-0.0,-0.0
963,-0.0,0.0,-0.0,-0.0,-0.0,0.0,0.0,1.01640430136,-0.0,0.0
964,-0.0,0.0,0.0,-0.0,0.0,0.0,-0.0,-1.5222712239,-0.0,0.0
965,0.0,0.0,-0.0,-0.0,-0.0,0.0,-1.78600029982,-0.0,1.00235409831,0.0
966,-0.0,-0.78538675585,-0.0,0.0,0.0,-0.0,0.0,-0.0,0.0,0.0
967,-0.0,-1.63977148478,0.0,0.0,-0.0,0.0,-0.0,0.0,-0.0,-0.0
968,-0.0,-0.120690282235,-0.0,0.0,0.0,-0.0,-0.0,-0.0,0.0,-0.0
969,0.0,-0.0,0.837186336235,-0.0,0.0,0.0,-0.0,-0.0,0.0,0.0
970,0.0,-0.0,0.0,0.0,-0.0,-0.0,-1.77350404681,0.0,-0.0,0.681818500081
971,-0.0,-0.353447716971,0.750170971029,0.0,-0.0,-0.0,0.0,-0.0,0.0,-0.0
972,-0.0,-0.0,-0.0,0.0,0.0,0.0,-0.0,-0.0,0.0,0.0
973,0.0,0.0,0.0,0.0,-0.0,-0.0,0.963412100379,-0.0,0.0,0.0
974,0.0,-0.0,0.0,-0.0,-0.0322280641687,-0.0,0.0,-0.0,0.0,-0.0
975,0.0,-0.0,0.0,-0.0,-0.0,0.0,0.0,0.656077331014,-0.0,0.0
976,0.0,-0.0,-0.0,-0.0,-0.255321270123,-0.0,-0.0,-0.730108732775,0.0,0.568410598936
977,-0.0,-0.0,0.0,-0.0,0.0,0.0,-0.0,0.0,-0.0,0.0
978,0.0,0.0,0.0,0.0,-0.0,0.0,0.0,-0.0,-0.0,0.0
979,0.0,0.0,-0.0,0.0,0.0,0.0,0.0,-0.0,-0.0,1.5495092865
980,-0.0,0.0,-0.0,0.0,0.194045857868,-0.0,-0.0,-0.0,-0.0,0.0
981,0.0,-0.0,0.0,0.0,-0.0,0.0,0.0,-0.0,0.0,0.0
982,-0.0,0.0,0.0,0.0,0.0,0.0,-0.0,-0.0,0.0,0.0
983,0.0,-0.0,0.0,-1.08079127812,0.0,-0.0,0.0,0.281779685619,0.0,-0.0
984,0.0,0.0,-0.0,0.0,-0.0,-0.0,-0.0,-0.0,0.0,0.0
985,0.0,0.0,-0.0,0.0,-0.0,0.0,0.0,0.0,-0.0,0.0
986,-0.0,-0.0,-0.0,-0.0,-0.0,0.0,-0.0,0.0,-0.177129803385,-0.0
987,0.0,-0.0,0.0,0.0,0.0,0.0,0.0,-0.0,-0.0,0.0
988,-0.0,-0.0,0.0,0.0,0.0,-0.0,-0.0,0.0,0.0,-0.460611724749
989,-0.0,-0.708062621679,-0.0,-0.0,0.0,-0.0,0.0,-0.0,-0.0,0.0
990,0.0,0.0,0.645895363654,0.0,-0.0,-0.0,-0.0,-0.582782975717,0.0,0.0
991,-0.0,0.435572064977,0.0,-0.0,0.0,-0.0,-0.0,-0.0,0.0,0.815924695481
992,-0.0,-0.0,0.0,-0.0,0.0,0.0,0.0,-0.0,-1.21826522541,-0.0
993,-0.0,0.0,-0.0,-0.0,0.0,0.0,0.0,-1.14801699682,-0.0,0.0
994,0.0,-0.0,-0.0,0.0,0.0,-0.0,0.0,0.520401789483,-0.0,-0.0
995,0.0,-0.0,0.0,0.159006177681,0.0,-0.0,-0.0,-0.0,-0.0,0.0
996,-0.0,-0.0,-0.0,-0.0,-0.0,-0.0,-0.0,0.0,-0.0,-0.0
997,-0.0,-0.0,0.0,0.0,0.0,0.0,0.0,0.0,-0.0,0.406332180113
998,0.0,-2.04890315567,0.0,-0.0,0.336520830517,0.0,-0.0827953666306,-0.0,0.619789812769,-0.0
999,0.0,-0.0,-0.0,-0.0,-0.0,-0.0,0.0,0.0,0.0,-0.0
